image_name,image_width,image_height,top_x,top_y,bottom_x,bottom_y
m114_1.jpg,360,480,0.336111111,0.466666667,0.647222222,0.53125
m53_1.jpg,640,480,0.35,0.560416667,0.6,0.64375
m151_1.jpg,640,480,0.390625,0.639583333,0.63125,0.725
m580_1.jpg,3024,4032,0.17526455,0.400297619,0.565145503,0.516865079
m369_0.jpg,618,464,0.36407767,0.771551724,0.580906149,0.849137931
m177_2.jpg,640,480,0.3546875,0.645833333,0.5828125,0.733333333
m75_2.jpg,360,480,0.313888889,0.639583333,0.661111111,0.716666667
m444_0.jpg,520,293,0.073076923,0.481228669,0.223076923,0.648464164
m401_0.jpg,520,293,0.6,0.709897611,0.755769231,0.846416382
m639_1.jpg,3024,4032,0.294642857,0.345486111,0.760582011,0.453869048
m215_1.jpg,750,750,0.345333333,0.686666667,0.697333333,0.793333333
m233_2.jpg,999,750,0.541541542,0.332,0.606606607,0.621333333
m88_2.jpg,360,480,0.358333333,0.483333333,0.644444444,0.54375
m394_0.jpg,520,293,0.761538462,0.563139932,0.909615385,0.692832765
m538_1.jpg,3024,4032,0.27281746,0.443700397,0.736111111,0.593501984
m308_1.jpg,360,480,0.305555556,0.633333333,0.716666667,0.710416667
m130_0.jpg,360,480,0.336111111,0.804166667,0.702777778,0.883333333
m460_1.jpg,640,480,0.1671875,0.485416667,0.2546875,0.56875
m289_0.jpg,726,545,0.348484848,0.719266055,0.520661157,0.812844037
m425_1.jpg,520,293,0.832692308,0.641638225,0.959615385,0.795221843
m403_2.jpg,520,293,0.380769231,0.733788396,0.626923077,0.853242321
m446_2.jpg,520,293,0.021153846,0.535836177,0.163461538,0.757679181
m231_0.jpg,999,750,0.288288288,0.386666667,0.552552553,0.48
m559_0.jpg,3024,4032,0.329695767,0.480902778,0.581679894,0.587301587
m396_2.jpg,520,293,0.267307692,0.634812287,0.376923077,0.740614334
m486_2.jpg,640,480,0.696875,0.710416667,0.8453125,0.83125
m249_0.jpg,1000,747,0.416,0.558232932,0.63,0.645247657
m521_0.jpg,3024,4032,0.255291005,0.4375,0.606150794,0.545882937
m564_0.jpg,3024,4032,0.366732804,0.504464286,0.723214286,0.657490079
m313_2.jpg,640,480,0.425,0.733333333,0.7140625,0.833333333
m356_2.jpg,618,824,0.258899676,0.714805825,0.724919094,0.80461165
m148_0.jpg,640,480,0.303125,0.647916667,0.590625,0.739583333
m599_0.jpg,3024,4032,0.313161376,0.357886905,0.638227513,0.42609127
m370_1.jpg,618,464,0.359223301,0.525862069,0.432038835,0.827586207
m335_1.jpg,618,520,0.310679612,0.821153846,0.677993528,0.925
m418_1.jpg,520,293,0.576923077,0.788395904,0.828846154,0.935153584
m620_0.jpg,3024,4032,0.263558201,0.475694444,0.665343915,0.55406746
m484_0.jpg,640,480,0.2453125,0.652083333,0.378125,0.764583333
m566_2.jpg,3024,4032,0.237433862,0.398065476,0.697420635,0.556299603
m523_2.jpg,3024,4032,0.270502646,0.432291667,0.705687831,0.592509921
m505_1.jpg,3024,4032,0.255952381,0.41046627,0.741732804,0.56969246
m540_1.jpg,3024,4032,0.289351852,0.391865079,0.709325397,0.484871032
m354_0.jpg,618,464,0.482200647,0.590517241,0.57605178,0.836206897
m311_0.jpg,640,480,0.41875,0.697916667,0.603125,0.775
m622_2.jpg,3024,4032,0.289351852,0.491071429,0.800595238,0.586061508
m604_1.jpg,3024,4032,0.406415344,0.499503968,0.753968254,0.570684524
m641_1.jpg,3024,4032,0.231812169,0.463293651,0.720899471,0.552083333
m479_0.jpg,640,360,0.75625,0.513888889,0.8359375,0.658333333
m604_0.jpg,3024,4032,0.402777778,0.502480159,0.749338624,0.572668651
m479_1.jpg,640,360,0.75625,0.508333333,0.8359375,0.644444444
m641_0.jpg,3024,4032,0.248346561,0.463293651,0.723544974,0.5625
m337_2.jpg,618,823,0.294498382,0.737545565,0.653721683,0.798298906
m372_2.jpg,618,464,0.24433657,0.614224138,0.44012945,0.709051724
m354_1.jpg,618,464,0.482200647,0.586206897,0.577669903,0.829741379
m311_1.jpg,640,480,0.4234375,0.697916667,0.6,0.775
m505_0.jpg,3024,4032,0.253968254,0.420882937,0.74702381,0.55406746
m540_0.jpg,3024,4032,0.294642857,0.391865079,0.710978836,0.491071429
m484_1.jpg,640,480,0.246875,0.645833333,0.371875,0.770833333
m643_2.jpg,3024,4032,0.306216931,0.415674603,0.760912698,0.492063492
m292_2.jpg,726,545,0.433884298,0.317431193,0.70523416,0.416513761
m606_2.jpg,3024,4032,0.279431217,0.462301587,0.57771164,0.557291667
m620_1.jpg,3024,4032,0.267526455,0.470486111,0.662698413,0.557291667
m418_0.jpg,520,293,0.167307692,0.781569966,0.419230769,0.941979522
m370_0.jpg,618,464,0.359223301,0.532327586,0.436893204,0.823275862
m599_1.jpg,3024,4032,0.35978836,0.353670635,0.689153439,0.423859127
m148_1.jpg,640,480,0.303125,0.641666667,0.5984375,0.7375
m335_0.jpg,618,520,0.300970874,0.830769231,0.677993528,0.928846154
m29_2.jpg,640,427,0.4328125,0.718969555,0.5875,0.791569087
m542_2.jpg,3024,4032,0.295304233,0.31969246,0.755291005,0.45610119
m507_2.jpg,4032,3024,0.188740079,0.384589947,0.837301587,0.54265873
m521_1.jpg,3024,4032,0.255291005,0.434275794,0.600529101,0.538690476
m564_1.jpg,3024,4032,0.276785714,0.507688492,0.634259259,0.656498016
m249_1.jpg,1000,747,0.411,0.563587684,0.631,0.642570281
m559_1.jpg,3024,4032,0.344907407,0.481894841,0.580357143,0.582093254
m231_1.jpg,999,750,0.294294294,0.390666667,0.548548549,0.470666667
m289_1.jpg,726,545,0.476584022,0.724770642,0.64600551,0.814678899
m460_0.jpg,640,480,0.1734375,0.4875,0.2515625,0.566666667
m425_0.jpg,520,293,0.042307692,0.651877133,0.167307692,0.795221843
m130_1.jpg,360,480,0.311111111,0.814583333,0.655555556,0.885416667
m308_0.jpg,360,480,0.272222222,0.627083333,0.697222222,0.708333333
m582_2.jpg,3024,4032,0.318452381,0.370287698,0.652116402,0.501488095
m394_1.jpg,520,293,0.763461538,0.576791809,0.905769231,0.692832765
m538_0.jpg,3024,4032,0.266203704,0.438492063,0.73015873,0.592509921
m215_0.jpg,750,750,0.309333333,0.688,0.645333333,0.781333333
m444_1.jpg,520,293,0.076923077,0.488054608,0.223076923,0.634812287
m639_0.jpg,3024,4032,0.250661376,0.351686508,0.701058201,0.457093254
m401_1.jpg,520,293,0.603846154,0.716723549,0.75,0.863481229
m427_2.jpg,520,293,0.807692308,0.641638225,0.95,0.812286689
m462_2.jpg,640,480,0.7328125,0.408333333,0.828125,0.475
m53_0.jpg,640,480,0.353125,0.554166667,0.609375,0.65
m114_0.jpg,360,480,0.341666667,0.46875,0.641666667,0.527083333
m369_1.jpg,618,464,0.36407767,0.775862069,0.587378641,0.849137931
m580_0.jpg,3024,4032,0.166997354,0.40327381,0.554232804,0.508680556
m151_0.jpg,640,480,0.3953125,0.652083333,0.640625,0.727083333
m75_1.jpg,360,480,0.325,0.639583333,0.680555556,0.714583333
m177_1.jpg,640,480,0.3484375,0.641666667,0.5828125,0.73125
m151_2.jpg,640,480,0.3640625,0.639583333,0.603125,0.727083333
m580_2.jpg,3024,4032,0.445436508,0.408482143,0.82010582,0.508680556
m114_2.jpg,360,480,0.358333333,0.466666667,0.647222222,0.529166667
m53_2.jpg,640,480,0.353125,0.552083333,0.6046875,0.647916667
m639_2.jpg,3024,4032,0.302910053,0.343253968,0.758267196,0.454117063
m462_0.jpg,640,480,0.165625,0.397916667,0.271875,0.477083333
m427_0.jpg,520,293,0.048076923,0.631399317,0.182692308,0.80887372
m233_1.jpg,999,750,0.544544545,0.326666667,0.602602603,0.613333333
m215_2.jpg,750,750,0.357333333,0.689333333,0.685333333,0.790666667
m538_2.jpg,3024,4032,0.255291005,0.432291667,0.74239418,0.600694444
m88_1.jpg,360,480,0.361111111,0.48125,0.641666667,0.554166667
m308_2.jpg,360,480,0.3,0.629166667,0.719444444,0.714583333
m582_0.jpg,3024,4032,0.344907407,0.370287698,0.680886243,0.511904762
m446_1.jpg,520,293,0.023076923,0.532423208,0.167307692,0.764505119
m403_1.jpg,520,293,0.369230769,0.730375427,0.613461538,0.866894198
m425_2.jpg,520,293,0.832692308,0.634812287,0.959615385,0.795221843
m460_2.jpg,640,480,0.1734375,0.485416667,0.253125,0.570833333
m396_1.jpg,520,293,0.625,0.651877133,0.725,0.740614334
m486_1.jpg,640,480,0.1578125,0.710416667,0.303125,0.829166667
m507_0.jpg,4032,3024,0.179315476,0.389880952,0.839781746,0.532407407
m542_0.jpg,3024,4032,0.245701058,0.316468254,0.704365079,0.454861111
m335_2.jpg,618,520,0.305825243,0.830769231,0.665048544,0.928846154
m370_2.jpg,618,464,0.563106796,0.523706897,0.642394822,0.829741379
m29_0.jpg,640,427,0.4328125,0.716627635,0.5875,0.793911007
m356_1.jpg,618,824,0.273462783,0.709951456,0.724919094,0.802184466
m313_1.jpg,640,480,0.4265625,0.73125,0.709375,0.833333333
m606_0.jpg,3024,4032,0.424603175,0.468501984,0.718253968,0.560267857
m292_0.jpg,726,545,0.289256198,0.308256881,0.564738292,0.418348624
m643_0.jpg,3024,4032,0.308862434,0.413690476,0.755291005,0.493303571
m418_2.jpg,520,293,0.575,0.798634812,0.826923077,0.938566553
m540_2.jpg,3024,4032,0.291997354,0.392857143,0.70271164,0.489087302
m505_2.jpg,3024,4032,0.252314815,0.416666667,0.733465608,0.563492063
m523_1.jpg,3024,4032,0.273148148,0.432291667,0.727843915,0.596478175
m566_1.jpg,3024,4032,0.249338624,0.407490079,0.700396825,0.553075397
m372_0.jpg,618,464,0.249190939,0.620689655,0.444983819,0.709051724
m337_0.jpg,618,823,0.33171521,0.741190765,0.703883495,0.798298906
m641_2.jpg,3024,4032,0.270502646,0.467261905,0.764880952,0.55109127
m604_2.jpg,3024,4032,0.407738095,0.504464286,0.758267196,0.572668651
m622_1.jpg,3024,4032,0.194113757,0.490079365,0.713624339,0.588293651
m622_0.jpg,3024,4032,0.196759259,0.483878968,0.709325397,0.588293651
m479_2.jpg,640,360,0.1609375,0.511111111,0.2484375,0.655555556
m311_2.jpg,640,480,0.39375,0.702083333,0.578125,0.770833333
m354_2.jpg,618,464,0.425566343,0.596982759,0.509708738,0.831896552
m372_1.jpg,618,464,0.242718447,0.607758621,0.44012945,0.717672414
m337_1.jpg,618,823,0.339805825,0.735115431,0.707119741,0.804374241
m523_0.jpg,3024,4032,0.274470899,0.431299603,0.720899471,0.598710317
m566_0.jpg,3024,4032,0.306216931,0.407490079,0.755291005,0.55406746
m484_2.jpg,640,480,0.25,0.65,0.3765625,0.770833333
m620_2.jpg,3024,4032,0.321428571,0.480902778,0.73015873,0.561507937
m606_1.jpg,3024,4032,0.428902116,0.466269841,0.718253968,0.557291667
m643_1.jpg,3024,4032,0.301917989,0.41046627,0.756613757,0.492063492
m292_1.jpg,726,545,0.287878788,0.311926606,0.561983471,0.412844037
m356_0.jpg,618,824,0.266990291,0.714805825,0.724919094,0.798543689
m29_1.jpg,640,427,0.4203125,0.716627635,0.59375,0.798594848
m313_0.jpg,640,480,0.284375,0.733333333,0.5703125,0.825
m599_2.jpg,3024,4032,0.311838624,0.351686508,0.636904762,0.42906746
m148_2.jpg,640,480,0.3078125,0.645833333,0.5921875,0.7375
m564_2.jpg,3024,4032,0.374669312,0.513888889,0.724537037,0.657490079
m521_2.jpg,3024,4032,0.248346561,0.439484127,0.606481481,0.54389881
m507_1.jpg,4032,3024,0.157738095,0.396164021,0.793154762,0.536706349
m542_1.jpg,3024,4032,0.241402116,0.312251984,0.705687831,0.454861111
m486_0.jpg,640,480,0.153125,0.708333333,0.3,0.835416667
m249_2.jpg,1000,747,0.368,0.56626506,0.583,0.647925033
m559_2.jpg,3024,4032,0.415013228,0.476686508,0.659060847,0.590277778
m396_0.jpg,520,293,0.621153846,0.638225256,0.738461538,0.744027304
m231_2.jpg,999,750,0.448448448,0.377333333,0.710710711,0.489333333
m289_2.jpg,726,545,0.476584022,0.724770642,0.64600551,0.809174312
m446_0.jpg,520,293,0.838461538,0.515358362,0.992307692,0.781569966
m403_0.jpg,520,293,0.361538462,0.733788396,0.615384615,0.863481229
m582_1.jpg,3024,4032,0.35978836,0.376488095,0.680886243,0.511904762
m130_2.jpg,360,480,0.341666667,0.802083333,0.688888889,0.8875
m88_0.jpg,360,480,0.35,0.479166667,0.647222222,0.554166667
m394_2.jpg,520,293,0.086538462,0.556313993,0.236538462,0.706484642
m233_0.jpg,999,750,0.393393393,0.328,0.459459459,0.621333333
m462_1.jpg,640,480,0.1703125,0.40625,0.2734375,0.48125
m427_1.jpg,520,293,0.821153846,0.648464164,0.942307692,0.805460751
m401_2.jpg,520,293,0.607692308,0.71331058,0.748076923,0.853242321
m444_2.jpg,520,293,0.076923077,0.491467577,0.226923077,0.627986348
m369_2.jpg,618,464,0.419093851,0.786637931,0.631067961,0.857758621
m75_0.jpg,360,480,0.319444444,0.6375,0.675,0.714583333
m177_0.jpg,640,480,0.353125,0.639583333,0.584375,0.7375
m560_2.jpg,3024,4032,0.399801587,0.513888889,0.752314815,0.650297619
m525_2.jpg,3024,4032,0.365410053,0.461061508,0.601190476,0.550099206
m503_1.jpg,3024,4032,0.282738095,0.452876984,0.698743386,0.566468254
m197_1.jpg,270,480,0.285185185,0.579166667,0.677777778,0.6375
m546_1.jpg,3024,4032,0.250992063,0.340277778,0.760912698,0.479662698
m482_0.jpg,640,480,0.7484375,0.625,0.8640625,0.777083333
m624_2.jpg,3024,4032,0.433862434,0.480902778,0.830687831,0.656498016
m602_1.jpg,3024,4032,0.275462963,0.416666667,0.475198413,0.498263889
m647_1.jpg,3024,4032,0.388558201,0.484871032,0.730489418,0.559275794
m352_0.jpg,618,464,0.474110032,0.323275862,0.545307443,0.635775862
m317_0.jpg,640,480,0.3640625,0.685416667,0.6203125,0.779166667
m68_1.jpg,640,480,0.425,0.4625,0.6421875,0.535416667
m527_0.jpg,3024,4032,0.444113757,0.461061508,0.701719577,0.536706349
m562_0.jpg,3024,4032,0.41765873,0.496279762,0.686507937,0.620287698
m480_2.jpg,640,360,0.2359375,0.316666667,0.3265625,0.430555556
m6_1.jpg,640,430,0.396875,0.572093023,0.625,0.7
m626_0.jpg,3024,4032,0.216269841,0.495287698,0.57473545,0.633680556
m438_2.jpg,520,293,0.096153846,0.484641638,0.198076923,0.66552901
m315_2.jpg,360,480,0.35,0.5875,0.616666667,0.641666667
m350_2.jpg,618,464,0.411003236,0.459051724,0.605177994,0.532327586
m376_1.jpg,618,464,0.51618123,0.487068966,0.74433657,0.590517241
m333_1.jpg,640,480,0.3390625,0.445833333,0.628125,0.541666667
m466_1.jpg,640,480,0.7046875,0.65625,0.846875,0.795833333
m423_1.jpg,520,293,0.428846154,0.368600683,0.625,0.529010239
m405_2.jpg,520,293,0.092307692,0.723549488,0.357692308,0.972696246
m440_2.jpg,520,293,0.836538462,0.778156997,1,1
m328_2.jpg,360,480,0.347222222,0.527083333,0.655555556,0.59375
m71_0.jpg,640,480,0.3828125,0.510416667,0.6,0.597916667
m173_0.jpg,640,480,0.365625,0.295833333,0.59375,0.370833333
m390_2.jpg,520,293,0.121153846,0.337883959,0.280769231,0.498293515
m237_0.jpg,999,750,0.336336336,0.72,0.576576577,0.805333333
m619_2.jpg,3024,4032,0.258928571,0.321676587,0.771494709,0.55109127
m442_0.jpg,520,293,0.434615385,0.546075085,0.623076923,0.641638225
m407_0.jpg,520,293,0.286538462,0.723549488,0.573076923,0.853242321
m157_1.jpg,360,480,0.647222222,0.495833333,0.897222222,0.579166667
m10_1.jpg,640,360,0.353125,0.344444444,0.7375,0.511111111
m586_1.jpg,3024,4032,0.372354497,0.30828373,0.745701058,0.402281746
m36_2.jpg,640,434,0.3984375,0.631336406,0.621875,0.728110599
m134_2.jpg,360,480,0.338888889,0.545833333,0.633333333,0.61875
m73_2.jpg,640,480,0.653125,0.604166667,0.8671875,0.71875
m518_2.jpg,3024,4032,0.310185185,0.450892857,0.552910053,0.594494048
m392_0.jpg,520,293,0.355769231,0.812286689,0.632692308,0.924914676
m213_1.jpg,853,750,0.437280188,0.66,0.763188746,0.798666667
m213_0.jpg,853,750,0.237983587,0.657333333,0.553341149,0.808
m392_1.jpg,520,293,0.357692308,0.80887372,0.634615385,0.924914676
m349_2.jpg,618,464,0.343042071,0.61637931,0.577669903,0.693965517
m10_0.jpg,640,360,0.2390625,0.333333333,0.6390625,0.533333333
m586_0.jpg,3024,4032,0.380621693,0.310267857,0.74702381,0.404265873
m157_0.jpg,360,480,0.65,0.491666667,0.905555556,0.579166667
m442_1.jpg,520,293,0.380769231,0.542662116,0.559615385,0.641638225
m407_1.jpg,520,293,0.425,0.720136519,0.707692308,0.849829352
m421_2.jpg,520,293,0.332692308,0.737201365,0.453846154,0.846416382
m464_2.jpg,360,480,0.197222222,0.48125,0.386111111,0.5375
m237_1.jpg,999,750,0.335335335,0.718666667,0.575575576,0.813333333
m211_2.jpg,895,750,0.353072626,0.533333333,0.674860335,0.64
m579_2.jpg,3024,4032,0.287698413,0.469494048,0.753968254,0.599702381
m71_1.jpg,640,480,0.39375,0.51875,0.615625,0.6
m173_1.jpg,640,480,0.3671875,0.2875,0.5921875,0.36875
m584_2.jpg,3024,4032,0.233465608,0.325892857,0.700396825,0.407490079
m110_2.jpg,640,311,0.4328125,0.443729904,0.5921875,0.524115756
m466_0.jpg,640,480,0.703125,0.654166667,0.85,0.79375
m423_0.jpg,520,293,0.430769231,0.375426621,0.628846154,0.52559727
m376_0.jpg,618,464,0.517799353,0.484913793,0.747572816,0.584051724
m333_0.jpg,640,480,0.3609375,0.454166667,0.6578125,0.547916667
m168_2.jpg,360,480,0.597222222,0.358333333,0.825,0.4125
m645_2.jpg,3024,4032,0.334986772,0.464285714,0.624338624,0.511904762
m294_2.jpg,726,545,0.439393939,0.779816514,0.731404959,0.902752294
m600_2.jpg,3024,4032,0.141865079,0.373263889,0.688822751,0.556299603
m626_1.jpg,3024,4032,0.217592593,0.493303571,0.569444444,0.629712302
m6_0.jpg,640,430,0.4015625,0.572093023,0.6296875,0.706976744
m269_2.jpg,520,293,0.273076923,0.709897611,0.648076923,0.897610922
m544_2.jpg,3024,4032,0.32010582,0.305059524,0.781415344,0.415674603
m501_2.jpg,3024,4032,0.307539683,0.469494048,0.733465608,0.597470238
m97_2.jpg,640,427,0.3859375,0.716627635,0.5703125,0.793911007
m527_1.jpg,3024,4032,0.450727513,0.466269841,0.703042328,0.54389881
m562_1.jpg,3024,4032,0.423280423,0.501488095,0.678240741,0.622271825
m331_2.jpg,640,478,0.421875,0.552301255,0.5921875,0.617154812
m374_2.jpg,618,464,0.393203883,0.506465517,0.627831715,0.612068966
m352_1.jpg,618,464,0.464401294,0.318965517,0.524271845,0.631465517
m68_0.jpg,640,480,0.3515625,0.45625,0.5828125,0.539583333
m317_1.jpg,640,480,0.3734375,0.691666667,0.63125,0.777083333
m602_0.jpg,3024,4032,0.275462963,0.416666667,0.473875661,0.503472222
m647_0.jpg,3024,4032,0.263558201,0.485863095,0.613095238,0.55109127
m459_2.jpg,640,480,0.6609375,0.635416667,0.78125,0.714583333
m482_1.jpg,640,480,0.134375,0.622916667,0.259375,0.772916667
m503_0.jpg,3024,4032,0.293650794,0.453869048,0.725198413,0.553075397
m546_0.jpg,3024,4032,0.244047619,0.340277778,0.740079365,0.488095238
m197_0.jpg,270,480,0.3,0.577083333,0.718518519,0.633333333
m389_2.jpg,520,293,0.115384615,0.559726962,0.284615385,0.737201365
m197_2.jpg,270,480,0.318518519,0.575,0.711111111,0.641666667
m546_2.jpg,3024,4032,0.240079365,0.347470238,0.736111111,0.478670635
m503_2.jpg,3024,4032,0.307539683,0.457093254,0.718253968,0.563492063
m525_1.jpg,3024,4032,0.36276455,0.460069444,0.603835979,0.541666667
m389_0.jpg,520,293,0.121153846,0.56996587,0.284615385,0.733788396
m560_1.jpg,3024,4032,0.395833333,0.509672619,0.756613757,0.649305556
m647_2.jpg,3024,4032,0.264880952,0.482886905,0.613095238,0.549107143
m602_2.jpg,3024,4032,0.52744709,0.41765873,0.725859788,0.497271825
m624_1.jpg,3024,4032,0.164021164,0.477926587,0.57473545,0.656746032
m459_0.jpg,640,480,0.21875,0.627083333,0.3328125,0.714583333
m374_0.jpg,618,464,0.393203883,0.519396552,0.626213592,0.620689655
m331_0.jpg,640,478,0.421875,0.556485356,0.5890625,0.619246862
m68_2.jpg,640,480,0.35,0.452083333,0.58125,0.533333333
m97_0.jpg,640,427,0.3890625,0.714285714,0.5703125,0.796252927
m501_0.jpg,3024,4032,0.282407407,0.481894841,0.679563492,0.59375
m544_0.jpg,3024,4032,0.20271164,0.298859127,0.689153439,0.415674603
m269_0.jpg,520,293,0.35,0.71331058,0.723076923,0.901023891
m480_1.jpg,640,360,0.2375,0.313888889,0.325,0.425
m438_1.jpg,520,293,0.807692308,0.491467577,0.898076923,0.66552901
m600_0.jpg,3024,4032,0.147156085,0.374255952,0.683201058,0.55406746
m294_0.jpg,726,545,0.426997245,0.763302752,0.736914601,0.913761468
m645_0.jpg,3024,4032,0.376322751,0.464285714,0.664351852,0.520089286
m6_2.jpg,640,430,0.3765625,0.569767442,0.6,0.704651163
m333_2.jpg,640,480,0.3421875,0.447916667,0.6328125,0.541666667
m376_2.jpg,618,464,0.257281553,0.480603448,0.478964401,0.584051724
m168_0.jpg,360,480,0.169444444,0.354166667,0.394444444,0.416666667
m350_1.jpg,618,464,0.396440129,0.459051724,0.593851133,0.540948276
m315_1.jpg,360,480,0.347222222,0.5875,0.619444444,0.639583333
m440_1.jpg,520,293,0.838461538,0.784982935,1,1
m405_1.jpg,520,293,0.638461538,0.740614334,0.901923077,0.948805461
m423_2.jpg,520,293,0.367307692,0.361774744,0.571153846,0.529010239
m466_2.jpg,640,480,0.703125,0.65625,0.8484375,0.79375
m328_1.jpg,360,480,0.338888889,0.527083333,0.65,0.60625
m110_0.jpg,640,311,0.409375,0.450160772,0.571875,0.520900322
m584_0.jpg,3024,4032,0.226190476,0.314484127,0.705687831,0.404265873
m390_1.jpg,520,293,0.125,0.337883959,0.280769231,0.494880546
m579_0.jpg,3024,4032,0.250992063,0.472470238,0.708664021,0.586309524
m211_0.jpg,895,750,0.335195531,0.537333333,0.639106145,0.634666667
m464_0.jpg,360,480,0.622222222,0.472916667,0.802777778,0.541666667
m421_0.jpg,520,293,0.553846154,0.747440273,0.659615385,0.839590444
m619_1.jpg,3024,4032,0.234126984,0.316468254,0.741071429,0.556299603
m134_1.jpg,360,480,0.375,0.552083333,0.652777778,0.6125
m73_1.jpg,640,480,0.6609375,0.602083333,0.853125,0.720833333
m36_1.jpg,640,434,0.396875,0.617511521,0.621875,0.735023041
m349_0.jpg,618,464,0.412621359,0.612068966,0.655339806,0.698275862
m157_2.jpg,360,480,0.65,0.49375,0.9,0.572916667
m586_2.jpg,3024,4032,0.252314815,0.313492063,0.63260582,0.396081349
m10_2.jpg,640,360,0.2546875,0.338888889,0.6359375,0.511111111
m518_1.jpg,3024,4032,0.438492063,0.464285714,0.703042328,0.583085317
m213_2.jpg,853,750,0.436107855,0.658666667,0.759671747,0.805333333
m518_0.jpg,3024,4032,0.449404762,0.464285714,0.689153439,0.582093254
m392_2.jpg,520,293,0.357692308,0.812286689,0.634615385,0.931740614
m73_0.jpg,640,480,0.653125,0.59375,0.859375,0.714583333
m134_0.jpg,360,480,0.366666667,0.55,0.661111111,0.6125
m349_1.jpg,618,464,0.417475728,0.612068966,0.650485437,0.698275862
m36_0.jpg,640,434,0.36875,0.626728111,0.60625,0.730414747
m464_1.jpg,360,480,0.197222222,0.479166667,0.375,0.54375
m619_0.jpg,3024,4032,0.235449735,0.318452381,0.737103175,0.553075397
m421_1.jpg,520,293,0.546153846,0.733788396,0.661538462,0.853242321
m407_2.jpg,520,293,0.290384615,0.723549488,0.567307692,0.85665529
m442_2.jpg,520,293,0.382692308,0.542662116,0.557692308,0.651877133
m211_1.jpg,895,750,0.36424581,0.532,0.670391061,0.634666667
m237_2.jpg,999,750,0.423423423,0.714666667,0.665665666,0.813333333
m579_1.jpg,3024,4032,0.242724868,0.473462302,0.698412698,0.595486111
m390_0.jpg,520,293,0.119230769,0.348122867,0.280769231,0.494880546
m110_1.jpg,640,311,0.3984375,0.453376206,0.56875,0.517684887
m328_0.jpg,360,480,0.352777778,0.53125,0.652777778,0.591666667
m584_1.jpg,3024,4032,0.246362434,0.322668651,0.683201058,0.40327381
m173_2.jpg,640,480,0.3984375,0.291666667,0.628125,0.370833333
m71_2.jpg,640,480,0.3859375,0.51875,0.6265625,0.595833333
m440_0.jpg,520,293,0.838461538,0.778156997,1,1
m405_0.jpg,520,293,0.088461538,0.733788396,0.351923077,0.955631399
m350_0.jpg,618,464,0.40776699,0.459051724,0.600323625,0.530172414
m168_1.jpg,360,480,0.608333333,0.358333333,0.822222222,0.41875
m315_0.jpg,360,480,0.369444444,0.583333333,0.658333333,0.64375
m626_2.jpg,3024,4032,0.218253968,0.491815476,0.570767196,0.627480159
m600_1.jpg,3024,4032,0.298941799,0.374255952,0.85978836,0.55406746
m438_0.jpg,520,293,0.803846154,0.494880546,0.905769231,0.66894198
m645_1.jpg,3024,4032,0.371031746,0.463293651,0.656084656,0.519097222
m294_1.jpg,726,545,0.44214876,0.772477064,0.73415978,0.902752294
m480_0.jpg,640,360,0.6703125,0.322222222,0.759375,0.422222222
m269_1.jpg,520,293,0.275,0.720136519,0.646153846,0.890784983
m562_2.jpg,3024,4032,0.325066138,0.501488095,0.57473545,0.626488095
m527_2.jpg,3024,4032,0.446759259,0.464285714,0.701719577,0.544890873
m97_1.jpg,640,427,0.3828125,0.716627635,0.5734375,0.791569087
m501_1.jpg,3024,4032,0.314484127,0.475446429,0.733465608,0.599702381
m544_1.jpg,3024,4032,0.210978836,0.302083333,0.675595238,0.415674603
m317_2.jpg,640,480,0.3640625,0.689583333,0.6203125,0.78125
m352_2.jpg,618,464,0.475728155,0.323275862,0.537216828,0.642241379
m374_1.jpg,618,464,0.375404531,0.512931034,0.603559871,0.609913793
m331_1.jpg,640,478,0.4046875,0.554393305,0.5765625,0.615062762
m624_0.jpg,3024,4032,0.415013228,0.475694444,0.836309524,0.665674603
m459_1.jpg,640,480,0.6625,0.63125,0.7828125,0.71875
m482_2.jpg,640,480,0.1328125,0.614583333,0.253125,0.76875
m525_0.jpg,3024,4032,0.364087302,0.469494048,0.606481481,0.540674603
m560_0.jpg,3024,4032,0.251984127,0.516865079,0.602513228,0.648313492
m389_1.jpg,520,293,0.711538462,0.56996587,0.878846154,0.740614334
m504_2.jpg,3024,4032,0.464616402,0.345486111,0.836640212,0.457093254
m190_2.jpg,640,480,0.4015625,0.639583333,0.6671875,0.741666667
m541_2.jpg,3024,4032,0.201388889,0.326884921,0.577050265,0.552083333
m567_1.jpg,3024,4032,0.41765873,0.596478175,0.825727513,0.859126984
m522_1.jpg,3024,4032,0.340608466,0.477678571,0.729166667,0.566468254
m49_1.jpg,360,480,0.222222222,0.75625,0.669444444,0.835416667
m336_0.jpg,618,464,0.414239482,0.471982759,0.495145631,0.521551724
m373_0.jpg,618,464,0.459546926,0.702586207,0.663430421,0.784482759
m128_2.jpg,1280,960,0.2828125,0.63125,0.409375,0.692708333
m605_2.jpg,3024,4032,0.488095238,0.457093254,0.71957672,0.576884921
m640_2.jpg,3024,4032,0.325066138,0.533482143,0.679563492,0.595486111
m291_2.jpg,726,545,0.41322314,0.598165138,0.692837466,0.699082569
m623_1.jpg,3024,4032,0.373677249,0.459573413,0.796957672,0.538690476
m3_0.jpg,640,480,0.4296875,0.691666667,0.6734375,0.785416667
m543_0.jpg,3024,4032,0.259259259,0.392857143,0.798941799,0.525297619
m192_0.jpg,360,480,0.277777778,0.689583333,0.569444444,0.775
m90_0.jpg,640,480,0.384375,0.65,0.63125,0.74375
m506_0.jpg,3024,4032,0.260582011,0.427083333,0.663029101,0.648313492
m371_2.jpg,618,464,0.713592233,0.325431034,0.773462783,0.646551724
m334_2.jpg,618,487,0.294498382,0.749486653,0.639158576,0.854209446
m312_1.jpg,640,480,0.4203125,0.55625,0.6234375,0.633333333
m357_1.jpg,618,464,0.459546926,0.355603448,0.509708738,0.566810345
m642_0.jpg,3024,4032,0.311177249,0.464285714,0.64484127,0.520089286
m607_0.jpg,3024,4032,0.478505291,0.442460317,0.704365079,0.521081349
m419_2.jpg,520,293,0.232692308,0.764505119,0.434615385,0.941979522
m309_2.jpg,640,480,0.5625,0.46875,0.7796875,0.579166667
m583_0.jpg,3024,4032,0.212632275,0.390873016,0.771825397,0.557291667
m117_0.jpg,640,360,0.334375,0.508333333,0.534375,0.616666667
m402_1.jpg,520,293,0.171153846,0.262798635,0.328846154,0.42662116
m447_1.jpg,520,293,0.626923077,0.689419795,0.861538462,0.85665529
m461_2.jpg,360,480,0.180555556,0.545833333,0.344444444,0.610416667
m424_2.jpg,520,293,0.340384615,0.61774744,0.455769231,0.703071672
m397_1.jpg,520,293,0.698076923,0.535836177,0.859615385,0.658703072
m74_1.jpg,360,480,0.308333333,0.627083333,0.583333333,0.679166667
m150_2.jpg,640,480,0.3609375,0.420833333,0.6203125,0.5125
m581_2.jpg,3024,4032,0.209325397,0.373511905,0.646494709,0.493303571
m17_2.jpg,640,480,0.2984375,0.35625,0.51875,0.48125
m638_2.jpg,3024,4032,0.180224868,0.509672619,0.589616402,0.628472222
m426_0.jpg,520,293,0.173076923,0.440273038,0.286538462,0.583617747
m463_0.jpg,640,480,0.6375,0.525,0.7546875,0.614583333
m251_2.jpg,1000,664,0.345,0.638554217,0.691,0.769578313
m539_2.jpg,3024,4032,0.282407407,0.425099206,0.729166667,0.671875
m395_2.jpg,520,293,0.115384615,0.614334471,0.288461538,0.747440273
m426_1.jpg,520,293,0.173076923,0.436860068,0.296153846,0.590443686
m463_1.jpg,640,480,0.240625,0.522916667,0.3625,0.616666667
m445_2.jpg,520,293,0.353846154,0.832764505,0.659615385,0.982935154
m400_2.jpg,520,293,0.757692308,0.511945392,0.890384615,0.66552901
m368_2.jpg,618,464,0.425566343,0.702586207,0.595469256,0.75862069
m74_0.jpg,360,480,0.305555556,0.633333333,0.588888889,0.679166667
m558_2.jpg,3024,4032,0.288359788,0.30828373,0.548611111,0.351686508
m397_0.jpg,520,293,0.132692308,0.539249147,0.298076923,0.662116041
m402_0.jpg,520,293,0.671153846,0.269624573,0.828846154,0.42662116
m447_0.jpg,520,293,0.126923077,0.692832765,0.373076923,0.863481229
m583_1.jpg,3024,4032,0.224867725,0.385664683,0.770171958,0.56969246
m117_1.jpg,640,360,0.334375,0.505555556,0.534375,0.611111111
m76_2.jpg,359,480,0.596100279,0.73125,0.832869081,0.8
m174_2.jpg,640,480,0.378125,0.654166667,0.628125,0.75
m621_2.jpg,3024,4032,0.21494709,0.520089286,0.568783069,0.639880952
m642_1.jpg,3024,4032,0.297949735,0.462301587,0.648809524,0.524305556
m607_1.jpg,3024,4032,0.301587302,0.443452381,0.526124339,0.523065476
m312_0.jpg,640,480,0.41875,0.552083333,0.6203125,0.629166667
m357_0.jpg,618,464,0.457928803,0.357758621,0.512944984,0.556034483
m598_2.jpg,3024,4032,0.276785714,0.31547619,0.695767196,0.475694444
m149_2.jpg,640,480,0.4,0.558333333,0.6203125,0.65
m520_2.jpg,3024,4032,0.153108466,0.497271825,0.783068783,0.662698413
m565_2.jpg,3024,4032,0.301587302,0.385664683,0.729166667,0.484871032
m192_1.jpg,360,480,0.283333333,0.697916667,0.572222222,0.775
m543_1.jpg,3024,4032,0.259259259,0.394097222,0.796626984,0.532490079
m90_1.jpg,640,480,0.3828125,0.647916667,0.6296875,0.745833333
m506_1.jpg,3024,4032,0.341931217,0.435267857,0.745701058,0.657490079
m3_1.jpg,640,480,0.4265625,0.69375,0.6734375,0.783333333
m623_0.jpg,3024,4032,0.371031746,0.459077381,0.796296296,0.53968254
m478_2.jpg,640,480,0.7140625,0.55625,0.8046875,0.666666667
m355_2.jpg,618,464,0.28802589,0.765086207,0.6197411,0.900862069
m310_2.jpg,640,480,0.3703125,0.73125,0.6546875,0.829166667
m336_1.jpg,618,464,0.508090615,0.484913793,0.577669903,0.515086207
m49_0.jpg,360,480,0.191666667,0.75,0.666666667,0.8375
m373_1.jpg,618,464,0.338187702,0.702586207,0.535598706,0.784482759
m567_0.jpg,3024,4032,0.408068783,0.603670635,0.842261905,0.862103175
m522_0.jpg,3024,4032,0.270502646,0.483878968,0.661375661,0.55828373
m485_2.jpg,360,480,0.719444444,0.58125,0.897222222,0.666666667
m485_0.jpg,360,480,0.727777778,0.58125,0.902777778,0.664583333
m522_2.jpg,3024,4032,0.26984127,0.482886905,0.664021164,0.56547619
m567_2.jpg,3024,4032,0.178902116,0.603670635,0.577050265,0.861111111
m190_1.jpg,640,480,0.3328125,0.633333333,0.5953125,0.7375
m541_1.jpg,3024,4032,0.391534392,0.332093254,0.802248677,0.564484127
m504_1.jpg,3024,4032,0.164351852,0.334077381,0.533399471,0.469494048
m310_0.jpg,640,480,0.359375,0.73125,0.6609375,0.83125
m128_1.jpg,1280,960,0.59140625,0.638541667,0.7125,0.695833333
m355_0.jpg,618,464,0.370550162,0.760775862,0.703883495,0.892241379
m49_2.jpg,360,480,0.333333333,0.75,0.791666667,0.839583333
m623_2.jpg,3024,4032,0.368055556,0.460069444,0.796296296,0.53968254
m640_1.jpg,3024,4032,0.314484127,0.529265873,0.673941799,0.599702381
m291_1.jpg,726,545,0.41184573,0.596330275,0.691460055,0.699082569
m478_0.jpg,640,480,0.7171875,0.55625,0.8015625,0.666666667
m605_1.jpg,3024,4032,0.26223545,0.457093254,0.521164021,0.578869048
m565_0.jpg,3024,4032,0.267526455,0.388888889,0.705687831,0.510664683
m520_0.jpg,3024,4032,0.213955026,0.510664683,0.850529101,0.663690476
m357_2.jpg,618,464,0.485436893,0.36637931,0.542071197,0.556034483
m312_2.jpg,640,480,0.4234375,0.55625,0.621875,0.625
m334_1.jpg,618,487,0.352750809,0.751540041,0.703883495,0.868583162
m149_0.jpg,640,480,0.3984375,0.5625,0.61875,0.641666667
m371_1.jpg,618,464,0.71197411,0.323275862,0.770226537,0.640086207
m598_0.jpg,3024,4032,0.293320106,0.31969246,0.731481481,0.470486111
m419_1.jpg,520,293,0.226923077,0.76109215,0.428846154,0.945392491
m621_0.jpg,3024,4032,0.416335979,0.524305556,0.789351852,0.640873016
m174_0.jpg,640,480,0.3765625,0.658333333,0.634375,0.754166667
m76_0.jpg,359,480,0.164345404,0.733333333,0.403899721,0.795833333
m309_1.jpg,640,480,0.5671875,0.464583333,0.7796875,0.583333333
m424_1.jpg,520,293,0.342307692,0.614334471,0.45,0.692832765
m461_1.jpg,360,480,0.186111111,0.547916667,0.344444444,0.6125
m447_2.jpg,520,293,0.628846154,0.709897611,0.857692308,0.860068259
m402_2.jpg,520,293,0.675,0.273037543,0.823076923,0.423208191
m558_0.jpg,3024,4032,0.452380952,0.30406746,0.709986772,0.350694444
m397_2.jpg,520,293,0.703846154,0.535836177,0.867307692,0.655290102
m150_1.jpg,640,480,0.3796875,0.429166667,0.6359375,0.50625
m368_0.jpg,618,464,0.409385113,0.702586207,0.572815534,0.765086207
m17_1.jpg,640,480,0.303125,0.370833333,0.5140625,0.477083333
m581_1.jpg,3024,4032,0.351521164,0.376488095,0.791997354,0.492063492
m74_2.jpg,360,480,0.427777778,0.63125,0.686111111,0.677083333
m400_0.jpg,520,293,0.096153846,0.505119454,0.253846154,0.682593857
m638_1.jpg,3024,4032,0.403439153,0.508680556,0.818452381,0.624503968
m445_0.jpg,520,293,0.332692308,0.843003413,0.646153846,0.965870307
m251_1.jpg,1000,664,0.346,0.634036145,0.693,0.777108434
m539_1.jpg,3024,4032,0.28505291,0.41889881,0.730489418,0.673115079
m395_0.jpg,520,293,0.705769231,0.610921502,0.882692308,0.767918089
m539_0.jpg,3024,4032,0.270502646,0.420882937,0.723214286,0.670882937
m395_1.jpg,520,293,0.107692308,0.597269625,0.286538462,0.750853242
m251_0.jpg,1000,664,0.312,0.640060241,0.649,0.769578313
m638_0.jpg,3024,4032,0.183201058,0.508680556,0.591269841,0.629712302
m400_1.jpg,520,293,0.753846154,0.505119454,0.890384615,0.675767918
m445_1.jpg,520,293,0.342307692,0.839590444,0.667307692,0.976109215
m463_2.jpg,640,480,0.6375,0.533333333,0.753125,0.61875
m426_2.jpg,520,293,0.180769231,0.440273038,0.286538462,0.576791809
m17_0.jpg,640,480,0.3,0.370833333,0.5140625,0.48125
m581_0.jpg,3024,4032,0.21494709,0.377480159,0.638227513,0.484871032
m368_1.jpg,618,464,0.420711974,0.698275862,0.590614887,0.756465517
m150_0.jpg,640,480,0.365625,0.420833333,0.621875,0.51875
m558_1.jpg,3024,4032,0.455026455,0.306051587,0.698412698,0.360863095
m424_0.jpg,520,293,0.538461538,0.593856655,0.663461538,0.706484642
m461_0.jpg,360,480,0.186111111,0.54375,0.330555556,0.6125
m174_1.jpg,640,480,0.3703125,0.658333333,0.6171875,0.747916667
m309_0.jpg,640,480,0.5625,0.466666667,0.778125,0.583333333
m76_1.jpg,359,480,0.573816156,0.729166667,0.838440111,0.8
m117_2.jpg,640,360,0.3328125,0.511111111,0.53125,0.608333333
m583_2.jpg,3024,4032,0.222222222,0.387896825,0.764880952,0.55406746
m607_2.jpg,3024,4032,0.302910053,0.445684524,0.520833333,0.518105159
m642_2.jpg,3024,4032,0.356812169,0.459821429,0.696428571,0.522073413
m621_1.jpg,3024,4032,0.216269841,0.521081349,0.570767196,0.642113095
m419_0.jpg,520,293,0.565384615,0.767918089,0.771153846,0.935153584
m334_0.jpg,618,487,0.296116505,0.743326489,0.648867314,0.86036961
m598_1.jpg,3024,4032,0.278108466,0.314484127,0.692791005,0.475694444
m371_0.jpg,618,464,0.713592233,0.32112069,0.773462783,0.648706897
m149_1.jpg,640,480,0.4,0.552083333,0.6203125,0.654166667
m506_2.jpg,3024,4032,0.257936508,0.435267857,0.656084656,0.638888889
m90_2.jpg,640,480,0.3828125,0.647916667,0.625,0.75
m192_2.jpg,360,480,0.275,0.689583333,0.561111111,0.766666667
m543_2.jpg,3024,4032,0.26223545,0.392857143,0.796626984,0.531498016
m565_1.jpg,3024,4032,0.274470899,0.392857143,0.70271164,0.485863095
m520_1.jpg,3024,4032,0.205687831,0.503472222,0.846230159,0.659474206
m478_1.jpg,640,480,0.7171875,0.554166667,0.8015625,0.666666667
m291_0.jpg,726,545,0.297520661,0.6,0.58815427,0.708256881
m640_0.jpg,3024,4032,0.323743386,0.530505952,0.667989418,0.598710317
m605_0.jpg,3024,4032,0.264880952,0.462301587,0.51521164,0.58110119
m3_2.jpg,640,480,0.425,0.689583333,0.675,0.78125
m373_2.jpg,618,464,0.338187702,0.706896552,0.537216828,0.784482759
m336_2.jpg,618,464,0.506472492,0.482758621,0.577669903,0.517241379
m128_0.jpg,1280,960,0.5875,0.636458333,0.715625,0.696875
m310_1.jpg,640,480,0.3390625,0.73125,0.634375,0.827083333
m355_1.jpg,618,464,0.367313916,0.769396552,0.707119741,0.892241379
m541_0.jpg,3024,4032,0.211970899,0.346478175,0.580026455,0.552083333
m190_0.jpg,640,480,0.4,0.647916667,0.6671875,0.725
m504_0.jpg,3024,4032,0.158730159,0.340277778,0.53505291,0.463293651
m485_1.jpg,360,480,0.713888889,0.579166667,0.905555556,0.670833333
m420_0.jpg,520,293,0.35,0.624573379,0.551923077,0.757679181
m618_1.jpg,3024,4032,0.195436508,0.445684524,0.548280423,0.5625
m465_0.jpg,640,480,0.8265625,0.64375,0.9375,0.777083333
m348_0.jpg,618,464,0.433656958,0.596982759,0.624595469,0.674568966
m37_1.jpg,640,480,0.2953125,0.639583333,0.625,0.777083333
m113_2.jpg,360,480,0.330555556,0.566666667,0.688888889,0.635416667
m156_2.jpg,640,480,0.2015625,0.489583333,0.371875,0.589583333
m587_2.jpg,3024,4032,0.263558201,0.422867063,0.767195767,0.566468254
m519_1.jpg,3024,4032,0.281415344,0.490079365,0.729166667,0.564484127
m257_2.jpg,999,750,0.296296296,0.681333333,0.506506507,0.773333333
m404_1.jpg,520,293,0.361538462,0.662116041,0.621153846,0.798634812
m441_1.jpg,520,293,0.442307692,0.552901024,0.605769231,0.641638225
m467_2.jpg,640,480,0.6796875,0.522916667,0.809375,0.616666667
m422_2.jpg,520,293,0.294230769,0.587030717,0.498076923,0.730375427
m585_0.jpg,3024,4032,0.231812169,0.367063492,0.712632275,0.470486111
m56_0.jpg,360,480,0.363888889,0.714583333,0.675,0.777083333
m329_1.jpg,360,480,0.402777778,0.479166667,0.672222222,0.525
m578_0.jpg,3024,4032,0.271825397,0.449900794,0.613425926,0.615079365
m391_1.jpg,520,293,0.675,0.392491468,0.826923077,0.542662116
m545_0.jpg,3024,4032,0.227513228,0.336061508,0.580357143,0.442460317
m194_0.jpg,640,480,0.2203125,0.520833333,0.4,0.6125
m96_0.jpg,640,427,0.353125,0.770491803,0.7015625,0.906323185
m481_1.jpg,640,480,0.1375,0.666666667,0.24375,0.810416667
m644_0.jpg,3024,4032,0.270502646,0.367063492,0.667328042,0.447668651
m439_1.jpg,520,293,0.109615385,0.593856655,0.286538462,0.805460751
m601_0.jpg,3024,4032,0.405092593,0.42609127,0.775462963,0.505704365
m377_2.jpg,618,464,0.233009709,0.459051724,0.509708738,0.596982759
m332_2.jpg,360,480,0.333333333,0.59375,0.616666667,0.6625
m314_1.jpg,640,480,0.1859375,0.347916667,0.56875,0.514583333
m169_0.jpg,640,480,0.6046875,0.5,0.8015625,0.59375
m351_1.jpg,618,464,0.634304207,0.286637931,0.699029126,0.69612069
m502_2.jpg,3024,4032,0.366732804,0.448660714,0.818783069,0.55406746
m547_2.jpg,3024,4032,0.256613757,0.298859127,0.697420635,0.376488095
m561_1.jpg,3024,4032,0.376322751,0.514880952,0.657407407,0.615079365
m388_0.jpg,520,293,0.723076923,0.726962457,0.851923077,0.846416382
m524_1.jpg,3024,4032,0.308862434,0.33110119,0.580357143,0.439484127
m209_1.jpg,999,750,0.309309309,0.434666667,0.70970971,0.554666667
m603_2.jpg,3024,4032,0.198743386,0.411458333,0.457671958,0.560267857
m646_2.jpg,3024,4032,0.271164021,0.432291667,0.696097884,0.537698413
m458_0.jpg,270,480,0.322222222,0.48125,0.6,0.529166667
m625_1.jpg,3024,4032,0.072089947,0.544146825,0.501984127,0.648809524
m330_0.jpg,640,478,0.384375,0.525104603,0.5921875,0.60251046
m108_1.jpg,640,311,0.4828125,0.52733119,0.615625,0.610932476
m375_0.jpg,618,824,0.30420712,0.686893204,0.632686084,0.746359223
m69_2.jpg,640,480,0.390625,0.695833333,0.5796875,0.764583333
m353_2.jpg,618,410,0.140776699,0.682926829,0.349514563,0.814634146
m316_2.jpg,360,480,0.372222222,0.427083333,0.686111111,0.504166667
m108_0.jpg,640,311,0.4828125,0.533762058,0.609375,0.607717042
m330_1.jpg,640,478,0.4046875,0.525104603,0.615625,0.60251046
m375_1.jpg,618,824,0.368932039,0.684466019,0.69579288,0.748786408
m458_1.jpg,270,480,0.4,0.483333333,0.674074074,0.53125
m625_0.jpg,3024,4032,0.072751323,0.544642857,0.502645503,0.649305556
m483_2.jpg,640,480,0.1125,0.616666667,0.2515625,0.783333333
m209_0.jpg,999,750,0.291291291,0.430666667,0.694694695,0.554666667
m388_1.jpg,520,293,0.721153846,0.71331058,0.857692308,0.85665529
m561_0.jpg,3024,4032,0.336640212,0.509672619,0.624338624,0.615079365
m524_0.jpg,3024,4032,0.418981481,0.332093254,0.685185185,0.431299603
m314_0.jpg,640,480,0.4203125,0.347916667,0.8140625,0.5125
m351_0.jpg,618,464,0.296116505,0.286637931,0.362459547,0.698275862
m169_1.jpg,640,480,0.6078125,0.5,0.8015625,0.589583333
m627_2.jpg,3024,4032,0.217592593,0.4375,0.627314815,0.536706349
m644_1.jpg,3024,4032,0.326719577,0.370287698,0.729166667,0.441468254
m601_1.jpg,3024,4032,0.406415344,0.428075397,0.774140212,0.502480159
m439_0.jpg,520,293,0.101923077,0.583617747,0.286538462,0.815699659
m481_0.jpg,640,480,0.1390625,0.664583333,0.24375,0.814583333
m526_2.jpg,3024,4032,0.505952381,0.41765873,0.657407407,0.464285714
m563_2.jpg,3024,4032,0.314484127,0.475694444,0.653439153,0.637896825
m194_1.jpg,640,480,0.2203125,0.514583333,0.4015625,0.614583333
m545_1.jpg,3024,4032,0.421957672,0.335069444,0.766534392,0.443700397
m96_1.jpg,640,427,0.359375,0.775175644,0.696875,0.906323185
m391_0.jpg,520,293,0.165384615,0.385665529,0.330769231,0.542662116
m578_1.jpg,3024,4032,0.270502646,0.453869048,0.624338624,0.622271825
m585_1.jpg,3024,4032,0.292328042,0.353670635,0.744047619,0.470486111
m329_0.jpg,360,480,0.388888889,0.464583333,0.677777778,0.522916667
m56_1.jpg,360,480,0.366666667,0.716666667,0.677777778,0.779166667
m404_0.jpg,520,293,0.363461538,0.662116041,0.619230769,0.805460751
m441_0.jpg,520,293,0.392307692,0.552901024,0.553846154,0.631399317
m519_0.jpg,3024,4032,0.282738095,0.479662698,0.720899471,0.570684524
m393_2.jpg,520,293,0.303846154,0.662116041,0.653846154,0.836177474
m37_0.jpg,640,480,0.29375,0.639583333,0.61875,0.775
m348_1.jpg,618,464,0.443365696,0.599137931,0.622977346,0.674568966
m618_0.jpg,3024,4032,0.191468254,0.44469246,0.553902116,0.560267857
m420_1.jpg,520,293,0.351923077,0.62116041,0.551923077,0.754266212
m465_1.jpg,640,480,0.828125,0.639583333,0.9453125,0.772916667
m443_2.jpg,520,293,0.019230769,0.720136519,0.157692308,0.887372014
m406_2.jpg,520,293,0.332692308,0.116040956,0.653846154,0.310580205
m618_2.jpg,3024,4032,0.196759259,0.448660714,0.548280423,0.5625
m406_0.jpg,520,293,0.332692308,0.119453925,0.655769231,0.320819113
m443_0.jpg,520,293,0.834615385,0.71331058,0.971153846,0.883959044
m156_1.jpg,640,480,0.6265625,0.491666667,0.790625,0.5875
m11_1.jpg,640,480,0.234375,0.285416667,0.640625,0.4375
m587_1.jpg,3024,4032,0.22718254,0.431051587,0.736111111,0.564484127
m113_1.jpg,360,480,0.336111111,0.56875,0.680555556,0.639583333
m37_2.jpg,640,480,0.3640625,0.63125,0.6921875,0.772916667
m519_2.jpg,3024,4032,0.287037037,0.482886905,0.698743386,0.56969246
m393_0.jpg,520,293,0.340384615,0.66552901,0.692307692,0.822525597
m257_1.jpg,999,750,0.296296296,0.677333333,0.508508509,0.777333333
m422_1.jpg,520,293,0.503846154,0.610921502,0.696153846,0.720136519
m467_1.jpg,640,480,0.18125,0.51875,0.3203125,0.63125
m441_2.jpg,520,293,0.394230769,0.549488055,0.555769231,0.641638225
m404_2.jpg,520,293,0.375,0.66552901,0.634615385,0.791808874
m329_2.jpg,360,480,0.391666667,0.472916667,0.675,0.53125
m391_2.jpg,520,293,0.173076923,0.402730375,0.332692308,0.542662116
m563_0.jpg,3024,4032,0.34755291,0.472470238,0.682208995,0.640873016
m526_0.jpg,3024,4032,0.348544974,0.42609127,0.486111111,0.454861111
m481_2.jpg,640,480,0.14375,0.664583333,0.240625,0.8125
m627_0.jpg,3024,4032,0.21494709,0.439484127,0.625992063,0.544890873
m439_2.jpg,520,293,0.711538462,0.593856655,0.888461538,0.802047782
m351_2.jpg,618,464,0.632686084,0.280172414,0.699029126,0.698275862
m314_2.jpg,640,480,0.41875,0.35625,0.8171875,0.516666667
m332_1.jpg,360,480,0.383333333,0.597916667,0.661111111,0.658333333
m377_1.jpg,618,464,0.233009709,0.469827586,0.514563107,0.599137931
m524_2.jpg,3024,4032,0.320767196,0.332093254,0.57771164,0.422867063
m561_2.jpg,3024,4032,0.376322751,0.512896825,0.661706349,0.620287698
m547_1.jpg,3024,4032,0.249669312,0.293650794,0.698743386,0.374255952
m502_1.jpg,3024,4032,0.172619048,0.443700397,0.631283069,0.556299603
m483_0.jpg,640,480,0.7515625,0.635416667,0.8765625,0.766666667
m209_2.jpg,999,750,0.294294294,0.429333333,0.701701702,0.554666667
m625_2.jpg,3024,4032,0.07010582,0.543650794,0.5,0.648313492
m646_1.jpg,3024,4032,0.311838624,0.433779762,0.729497354,0.527777778
m603_1.jpg,3024,4032,0.191798942,0.412698413,0.464616402,0.570684524
m69_1.jpg,640,480,0.3859375,0.697916667,0.5921875,0.758333333
m316_0.jpg,360,480,0.361111111,0.43125,0.688888889,0.50625
m353_0.jpg,618,410,0.134304207,0.685365854,0.354368932,0.819512195
m108_2.jpg,640,311,0.3828125,0.536977492,0.5125,0.601286174
m375_2.jpg,618,824,0.300970874,0.683252427,0.621359223,0.75
m330_2.jpg,640,478,0.38125,0.527196653,0.590625,0.60251046
m316_1.jpg,360,480,0.311111111,0.43125,0.622222222,0.502083333
m69_0.jpg,640,480,0.3859375,0.697916667,0.5765625,0.75625
m353_1.jpg,618,410,0.645631068,0.682926829,0.860841424,0.817073171
m646_0.jpg,3024,4032,0.310185185,0.434275794,0.728835979,0.530505952
m603_0.jpg,3024,4032,0.540343915,0.41765873,0.795304233,0.566468254
m458_2.jpg,270,480,0.396296296,0.48125,0.666666667,0.527083333
m483_1.jpg,640,480,0.115625,0.620833333,0.2453125,0.783333333
m547_0.jpg,3024,4032,0.257936508,0.295882937,0.69212963,0.381696429
m502_0.jpg,3024,4032,0.354497354,0.451884921,0.82010582,0.559275794
m388_2.jpg,520,293,0.713461538,0.726962457,0.855769231,0.860068259
m332_0.jpg,360,480,0.375,0.597916667,0.661111111,0.658333333
m377_0.jpg,618,464,0.477346278,0.471982759,0.760517799,0.601293103
m169_2.jpg,640,480,0.1984375,0.495833333,0.39375,0.59375
m601_2.jpg,3024,4032,0.405092593,0.423859127,0.777116402,0.503472222
m644_2.jpg,3024,4032,0.271825397,0.370287698,0.672619048,0.448660714
m627_1.jpg,3024,4032,0.218915344,0.441468254,0.628637566,0.538690476
m96_2.jpg,640,427,0.3578125,0.777517564,0.6984375,0.911007026
m194_2.jpg,640,480,0.2234375,0.516666667,0.4,0.6125
m545_2.jpg,3024,4032,0.415013228,0.332093254,0.771825397,0.443700397
m563_1.jpg,3024,4032,0.343253968,0.471478175,0.685185185,0.647073413
m526_1.jpg,3024,4032,0.503306878,0.41765873,0.663029101,0.466269841
m578_2.jpg,3024,4032,0.384589947,0.447668651,0.729166667,0.619295635
m56_2.jpg,360,480,0.313888889,0.714583333,0.638888889,0.777083333
m585_2.jpg,3024,4032,0.240079365,0.355654762,0.696097884,0.474702381
m422_0.jpg,520,293,0.294230769,0.600682594,0.498076923,0.737201365
m467_0.jpg,640,480,0.1828125,0.520833333,0.321875,0.633333333
m257_0.jpg,999,750,0.489489489,0.68,0.705705706,0.782666667
m393_1.jpg,520,293,0.3,0.662116041,0.655769231,0.825938567
m348_2.jpg,618,464,0.375404531,0.603448276,0.561488673,0.672413793
m11_0.jpg,640,480,0.23125,0.277083333,0.6421875,0.427083333
m587_0.jpg,3024,4032,0.220899471,0.431299603,0.718253968,0.5625
m156_0.jpg,640,480,0.2046875,0.489583333,0.3734375,0.589583333
m113_0.jpg,360,480,0.341666667,0.56875,0.688888889,0.6375
m406_1.jpg,520,293,0.332692308,0.119453925,0.657692308,0.303754266
m443_1.jpg,520,293,0.023076923,0.723549488,0.157692308,0.880546075
m465_2.jpg,640,480,0.05625,0.635416667,0.171875,0.78125
m420_2.jpg,520,293,0.446153846,0.62116041,0.644230769,0.754266212
m517_1.jpg,3024,4032,0.293981481,0.434275794,0.689153439,0.607886905
m552_1.jpg,3024,4032,0.244047619,0.370287698,0.617724868,0.454861111
m574_2.jpg,3024,4032,0.292328042,0.377480159,0.770502646,0.477678571
m531_2.jpg,3024,4032,0.419312169,0.480902778,0.690145503,0.533482143
m616_1.jpg,3024,4032,0.37037037,0.482886905,0.720568783,0.578869048
m653_1.jpg,3024,4032,0.33234127,0.378472222,0.704365079,0.458085317
m282_1.jpg,780,585,0.355128205,0.652991453,0.605128205,0.745299145
m630_2.jpg,3024,4032,0.281415344,0.313492063,0.681878307,0.406498016
m589_2.jpg,3024,4032,0.244047619,0.425099206,0.613425926,0.540674603
m346_0.jpg,618,464,0.163430421,0.327586207,0.241100324,0.661637931
m303_0.jpg,640,480,0.425,0.679166667,0.6875,0.814583333
m533_0.jpg,3024,4032,0.333333333,0.420882937,0.659722222,0.475694444
m576_0.jpg,3024,4032,0.241402116,0.376488095,0.713955026,0.617311508
m469_2.jpg,360,480,0.697222222,0.6125,0.844444444,0.685416667
m632_0.jpg,3024,4032,0.281084656,0.405257937,0.782407407,0.512896825
m362_1.jpg,618,464,0.425566343,0.650862069,0.677993528,0.732758621
m327_1.jpg,360,480,0.277777778,0.702083333,0.786111111,0.804166667
m301_2.jpg,360,480,0.427777778,0.695833333,0.716666667,0.772916667
m344_2.jpg,618,464,0.8802589,0.198275862,0.953074434,0.594827586
m411_2.jpg,520,293,0.167307692,0.655290102,0.392307692,0.798634812
m9_2.jpg,360,480,0.297222222,0.766666667,0.727777778,0.852083333
m454_2.jpg,640,480,0.1421875,0.552083333,0.25625,0.695833333
m472_1.jpg,640,480,0.6984375,0.5625,0.840625,0.691666667
m437_1.jpg,520,293,0.438461538,0.57337884,0.759615385,0.750853242
m122_0.jpg,640,427,0.4296875,0.632318501,0.5484375,0.693208431
m167_0.jpg,360,480,0.55,0.591666667,0.869444444,0.679166667
m379_2.jpg,618,824,0.317152104,0.70631068,0.671521036,0.78276699
m384_2.jpg,618,464,0.346278317,0.674568966,0.648867314,0.771551724
m98_0.jpg,640,480,0.3734375,0.6,0.575,0.685416667
m456_0.jpg,270,480,0.055555556,0.495833333,0.225925926,0.552083333
m413_0.jpg,520,293,0.330769231,0.737201365,0.625,0.887372014
m299_2.jpg,726,353,0.362258953,0.838526912,0.584022039,0.974504249
m648_2.jpg,3024,4032,0.31712963,0.498263889,0.716269841,0.590277778
m120_2.jpg,640,480,0.3171875,0.61875,0.709375,0.74375
m67_2.jpg,640,480,0.378125,0.6375,0.5890625,0.722916667
m41_1.jpg,640,480,0.353125,0.452083333,0.6234375,0.572916667
m143_1.jpg,360,480,0.2,0.591666667,0.475,0.66875
m592_1.jpg,3024,4032,0.318121693,0.415674603,0.718253968,0.520089286
m386_0.jpg,618,1098,0.454692557,0.56010929,0.784789644,0.628415301
m549_2.jpg,3024,4032,0.268518519,0.28546627,0.803571429,0.577876984
m198_2.jpg,640,360,0.3515625,0.536111111,0.584375,0.65
m242_1.jpg,1000,563,0.638,0.243339254,0.693,0.598579041
m242_0.jpg,1000,563,0.306,0.246891652,0.36,0.602131439
m386_1.jpg,618,1098,0.221682848,0.566484517,0.540453074,0.629326047
m41_0.jpg,640,480,0.353125,0.454166667,0.6171875,0.577083333
m592_0.jpg,3024,4032,0.277116402,0.41765873,0.692791005,0.515873016
m143_0.jpg,360,480,0.530555556,0.591666667,0.775,0.666666667
m318_2.jpg,640,480,0.4453125,0.533333333,0.5640625,0.577083333
m435_2.jpg,520,293,0.667307692,0.812286689,0.828846154,0.948805461
m470_2.jpg,640,480,0.5359375,0.577083333,0.71875,0.69375
m456_1.jpg,270,480,0.062962963,0.49375,0.222222222,0.552083333
m413_1.jpg,520,293,0.332692308,0.740614334,0.615384615,0.870307167
m240_2.jpg,750,750,0.350666667,0.504,0.565333333,0.592
m98_1.jpg,640,480,0.4234375,0.6,0.621875,0.677083333
m528_2.jpg,3024,4032,0.369708995,0.337053571,0.723544974,0.416666667
m590_2.jpg,3024,4032,0.198743386,0.29985119,0.705357143,0.41765873
m43_2.jpg,360,480,0.313888889,0.616666667,0.691666667,0.695833333
m122_1.jpg,640,427,0.45625,0.641686183,0.5703125,0.68852459
m167_1.jpg,360,480,0.552777778,0.597916667,0.869444444,0.677083333
m472_0.jpg,640,480,0.15625,0.560416667,0.3015625,0.69375
m437_0.jpg,520,293,0.436538462,0.56996587,0.755769231,0.750853242
m629_2.jpg,3024,4032,0.391534392,0.505704365,0.763227513,0.590277778
m362_0.jpg,618,464,0.411003236,0.644396552,0.67961165,0.732758621
m327_0.jpg,360,480,0.216666667,0.710416667,0.702777778,0.80625
m632_1.jpg,3024,4032,0.232804233,0.39905754,0.698412698,0.511904762
m651_2.jpg,3024,4032,0.353174603,0.482886905,0.671296296,0.545882937
m280_2.jpg,999,750,0.411411411,0.433333333,0.674674675,0.510666667
m614_2.jpg,3024,4032,0.365410053,0.456597222,0.674603175,0.531001984
m533_1.jpg,3024,4032,0.336640212,0.41765873,0.653439153,0.476686508
m576_1.jpg,3024,4032,0.282407407,0.379464286,0.749338624,0.631696429
m181_2.jpg,640,480,0.4234375,0.585416667,0.6375,0.65625
m550_2.jpg,3024,4032,0.28968254,0.578869048,0.51984127,0.679315476
m515_2.jpg,3024,4032,0.275793651,0.520089286,0.686507937,0.602678571
m346_1.jpg,618,464,0.165048544,0.325431034,0.242718447,0.661637931
m303_1.jpg,640,480,0.428125,0.691666667,0.6875,0.808333333
m325_2.jpg,360,480,0.313888889,0.76875,0.711111111,0.852083333
m360_2.jpg,618,464,0.344660194,0.63362069,0.634304207,0.782327586
m408_2.jpg,520,293,0.346153846,0.866894198,0.632692308,0.993174061
m616_0.jpg,3024,4032,0.37202381,0.482886905,0.71494709,0.575892857
m282_0.jpg,780,585,0.348717949,0.652991453,0.603846154,0.738461538
m653_0.jpg,3024,4032,0.292328042,0.384672619,0.661706349,0.453869048
m517_0.jpg,3024,4032,0.306216931,0.442460317,0.705687831,0.601686508
m552_0.jpg,3024,4032,0.381944444,0.372271825,0.754960317,0.461061508
m531_1.jpg,3024,4032,0.424603175,0.479662698,0.691468254,0.536706349
m574_1.jpg,3024,4032,0.224537037,0.383928571,0.709986772,0.478670635
m552_2.jpg,3024,4032,0.227513228,0.367063492,0.619047619,0.45610119
m517_2.jpg,3024,4032,0.285383598,0.432291667,0.69047619,0.608878968
m630_1.jpg,3024,4032,0.283730159,0.318452381,0.671296296,0.406498016
m408_0.jpg,520,293,0.336538462,0.863481229,0.638461538,1
m653_2.jpg,3024,4032,0.336640212,0.380456349,0.693121693,0.452876984
m282_2.jpg,780,585,0.392307692,0.658119658,0.637179487,0.738461538
m616_2.jpg,3024,4032,0.37202381,0.482886905,0.716269841,0.575892857
m360_0.jpg,618,464,0.367313916,0.642241379,0.650485437,0.780172414
m589_1.jpg,3024,4032,0.241402116,0.423859127,0.615740741,0.534474206
m325_0.jpg,360,480,0.313888889,0.772916667,0.711111111,0.845833333
m515_0.jpg,3024,4032,0.280092593,0.524305556,0.685185185,0.598710317
m550_0.jpg,3024,4032,0.290674603,0.582093254,0.520833333,0.679315476
m181_0.jpg,640,480,0.4265625,0.585416667,0.640625,0.65625
m614_0.jpg,3024,4032,0.325727513,0.458085317,0.634920635,0.532490079
m280_0.jpg,999,750,0.407407407,0.430666667,0.666666667,0.508
m469_1.jpg,360,480,0.691666667,0.614583333,0.852777778,0.685416667
m651_0.jpg,3024,4032,0.329695767,0.488095238,0.650793651,0.544890873
m344_1.jpg,618,464,0.8802589,0.193965517,0.959546926,0.586206897
m301_1.jpg,360,480,0.436111111,0.6875,0.713888889,0.772916667
m327_2.jpg,360,480,0.205555556,0.70625,0.713888889,0.810416667
m362_2.jpg,618,464,0.315533981,0.648706897,0.577669903,0.728448276
m437_2.jpg,520,293,0.242307692,0.552901024,0.567307692,0.733788396
m472_2.jpg,640,480,0.1609375,0.55625,0.3015625,0.6875
m454_1.jpg,640,480,0.1390625,0.552083333,0.2578125,0.7
m629_0.jpg,3024,4032,0.231812169,0.501488095,0.606150794,0.583085317
m411_1.jpg,520,293,0.603846154,0.662116041,0.826923077,0.802047782
m9_1.jpg,360,480,0.297222222,0.764583333,0.725,0.847916667
m43_0.jpg,360,480,0.308333333,0.60625,0.702777778,0.695833333
m379_1.jpg,618,824,0.322006472,0.712378641,0.686084142,0.775485437
m590_0.jpg,3024,4032,0.198743386,0.295882937,0.705357143,0.425099206
m384_1.jpg,618,464,0.344660194,0.670258621,0.653721683,0.771551724
m528_0.jpg,3024,4032,0.278769841,0.338293651,0.621693122,0.422867063
m240_0.jpg,750,750,0.433333333,0.506666667,0.649333333,0.594666667
m299_1.jpg,726,353,0.366391185,0.844192635,0.584022039,0.97733711
m470_0.jpg,640,480,0.2796875,0.570833333,0.46875,0.7
m648_1.jpg,3024,4032,0.283730159,0.495287698,0.665343915,0.586309524
m435_0.jpg,520,293,0.659615385,0.812286689,0.832692308,0.945392491
m143_2.jpg,360,480,0.205555556,0.5875,0.472222222,0.66875
m592_2.jpg,3024,4032,0.278769841,0.41765873,0.683201058,0.510664683
m41_2.jpg,640,480,0.3609375,0.458333333,0.64375,0.570833333
m120_1.jpg,640,480,0.3140625,0.622916667,0.70625,0.745833333
m67_1.jpg,640,480,0.359375,0.641666667,0.6,0.7125
m318_0.jpg,640,480,0.434375,0.533333333,0.5546875,0.58125
m549_1.jpg,3024,4032,0.249669312,0.294890873,0.785714286,0.578869048
m198_1.jpg,640,360,0.403125,0.536111111,0.646875,0.652777778
m242_2.jpg,1000,563,0.633,0.238010657,0.698,0.602131439
m386_2.jpg,618,1098,0.221682848,0.561020036,0.538834951,0.632969035
m198_0.jpg,640,360,0.3421875,0.533333333,0.5890625,0.655555556
m549_0.jpg,3024,4032,0.271164021,0.294890873,0.800925926,0.576884921
m318_1.jpg,640,480,0.4421875,0.533333333,0.5640625,0.58125
m67_0.jpg,640,480,0.3953125,0.641666667,0.63125,0.716666667
m120_0.jpg,640,480,0.2890625,0.620833333,0.6796875,0.747916667
m413_2.jpg,520,293,0.332692308,0.740614334,0.619230769,0.870307167
m456_2.jpg,270,480,0.774074074,0.495833333,0.92962963,0.552083333
m648_0.jpg,3024,4032,0.280092593,0.496279762,0.665343915,0.586309524
m470_1.jpg,640,480,0.5328125,0.583333333,0.7125,0.7
m299_0.jpg,726,353,0.409090909,0.849858357,0.634986226,0.966005666
m435_1.jpg,520,293,0.163461538,0.805460751,0.332692308,0.938566553
m240_1.jpg,750,750,0.437333333,0.502666667,0.646666667,0.590666667
m384_0.jpg,618,464,0.34789644,0.670258621,0.655339806,0.775862069
m528_1.jpg,3024,4032,0.379298942,0.336061508,0.71957672,0.42609127
m98_2.jpg,640,480,0.425,0.602083333,0.61875,0.68125
m167_2.jpg,360,480,0.555555556,0.595833333,0.869444444,0.672916667
m122_2.jpg,640,427,0.4578125,0.639344262,0.5640625,0.68618267
m43_1.jpg,360,480,0.294444444,0.604166667,0.683333333,0.691666667
m590_1.jpg,3024,4032,0.295965608,0.297867063,0.80489418,0.425099206
m379_0.jpg,618,824,0.323624595,0.70631068,0.677993528,0.781553398
m454_0.jpg,640,480,0.746875,0.547916667,0.85625,0.689583333
m9_0.jpg,360,480,0.272222222,0.760416667,0.7,0.85
m411_0.jpg,520,293,0.6,0.655290102,0.832692308,0.802047782
m629_1.jpg,3024,4032,0.398809524,0.506200397,0.763888889,0.582589286
m344_0.jpg,618,464,0.038834951,0.19612069,0.118122977,0.592672414
m301_0.jpg,360,480,0.427777778,0.7,0.716666667,0.766666667
m614_1.jpg,3024,4032,0.365079365,0.458581349,0.674272487,0.532986111
m651_1.jpg,3024,4032,0.346230159,0.482886905,0.668650794,0.544890873
m469_0.jpg,360,480,0.691666667,0.620833333,0.836111111,0.685416667
m280_1.jpg,999,750,0.412412412,0.430666667,0.666666667,0.509333333
m632_2.jpg,3024,4032,0.301587302,0.402281746,0.774140212,0.512896825
m515_1.jpg,3024,4032,0.303571429,0.520089286,0.723544974,0.596478175
m181_1.jpg,640,480,0.3609375,0.583333333,0.5734375,0.660416667
m550_1.jpg,3024,4032,0.475529101,0.58110119,0.713955026,0.681299603
m576_2.jpg,3024,4032,0.286375661,0.388888889,0.741732804,0.627480159
m533_2.jpg,3024,4032,0.348875661,0.419890873,0.668650794,0.477678571
m589_0.jpg,3024,4032,0.379298942,0.43328373,0.759589947,0.545882937
m360_1.jpg,618,464,0.373786408,0.642241379,0.640776699,0.782327586
m325_1.jpg,360,480,0.283333333,0.766666667,0.680555556,0.852083333
m303_2.jpg,640,480,0.3125,0.6875,0.5734375,0.814583333
m346_2.jpg,618,464,0.760517799,0.32112069,0.833333333,0.659482759
m408_1.jpg,520,293,0.338461538,0.863481229,0.630769231,0.993174061
m630_0.jpg,3024,4032,0.322751323,0.311259921,0.71494709,0.406498016
m531_0.jpg,3024,4032,0.420634921,0.479662698,0.6875,0.536706349
m574_0.jpg,3024,4032,0.231812169,0.381696429,0.715277778,0.481894841
m163_2.jpg,360,480,0.172222222,0.514583333,0.397222222,0.597916667
m126_2.jpg,640,480,0.3734375,0.65625,0.653125,0.76875
m100_1.jpg,640,433,0.1609375,0.715935335,0.36875,0.840646651
m47_1.jpg,360,480,0.183333333,0.522916667,0.313888889,0.597916667
m338_0.jpg,618,371,0.742718447,0.676549865,0.964401294,0.843665768
m145_1.jpg,640,480,0.1625,0.420833333,0.346875,0.535416667
m594_1.jpg,3024,4032,0.275462963,0.351686508,0.945436508,0.54389881
m450_0.jpg,520,293,0.455769231,0.122866894,0.638461538,0.313993174
m415_0.jpg,520,293,0.176923077,0.348122867,0.396153846,0.494880546
m569_1.jpg,3024,4032,0.270502646,0.541666667,0.664021164,0.721478175
m380_0.jpg,618,464,0.512944984,0.806034483,0.770226537,0.939655172
m359_1.jpg,618,464,0.428802589,0.592672414,0.627831715,0.670258621
m26_0.jpg,640,474,0.3140625,0.725738397,0.721875,0.85443038
m161_0.jpg,360,480,0.127777778,0.402083333,0.336111111,0.477083333
m417_2.jpg,520,293,0.286538462,0.825938567,0.682692308,1
m452_2.jpg,360,480,0.736111111,0.5875,0.913888889,0.65625
m474_1.jpg,640,480,0.75,0.61875,0.8703125,0.735416667
m609_0.jpg,3024,4032,0.483796296,0.471478175,0.811507937,0.545882937
m431_1.jpg,520,293,0.707692308,0.255972696,0.898076923,0.392491468
m382_2.jpg,618,464,0.462783172,0.715517241,0.661812298,0.784482759
m508_0.jpg,4032,3024,0.44593254,0.479828042,0.781498016,0.593584656
m218_0.jpg,750,750,0.461333333,0.604,0.712,0.705333333
m535_0.jpg,3024,4032,0.086970899,0.29985119,0.796626984,0.626488095
m570_0.jpg,3024,4032,0.234457672,0.513888889,0.656084656,0.693700397
m399_1.jpg,520,293,0.351923077,0.583617747,0.594230769,0.703071672
m364_1.jpg,618,464,0.121359223,0.344827586,0.200647249,0.698275862
m321_1.jpg,639,480,0.436619718,0.595833333,0.712050078,0.685416667
m342_2.jpg,618,464,0.359223301,0.594827586,0.603559871,0.689655172
m634_0.jpg,3024,4032,0.263558201,0.613095238,0.791335979,0.707093254
m449_1.jpg,520,293,0.069230769,0.846416382,0.219230769,0.969283276
m511_1.jpg,3024,4032,0.334986772,0.538690476,0.704034392,0.607886905
m87_1.jpg,360,480,0.3,0.5625,0.591666667,0.633333333
m185_1.jpg,640,480,0.3,0.422916667,0.6203125,0.508333333
m554_1.jpg,3024,4032,0.413690476,0.296875,0.669973545,0.355654762
m572_2.jpg,3024,4032,0.268849206,0.499503968,0.607473545,0.677083333
m537_2.jpg,3024,4032,0.340277778,0.420882937,0.749338624,0.505704365
m340_0.jpg,618,409,0.343042071,0.633251834,0.692556634,0.767726161
m305_0.jpg,640,480,0.371875,0.629166667,0.5921875,0.722916667
m610_1.jpg,3024,4032,0.308531746,0.522073413,0.574404762,0.619295635
m428_0.jpg,520,293,0.676923077,0.43003413,0.842307692,0.610921502
m655_1.jpg,3024,4032,0.355820106,0.427083333,0.58994709,0.466269841
m636_2.jpg,3024,4032,0.253306878,0.42609127,0.725859788,0.534474206
m428_1.jpg,520,293,0.684615385,0.443686007,0.844230769,0.61774744
m610_0.jpg,3024,4032,0.304232804,0.522073413,0.574404762,0.618303571
m655_0.jpg,3024,4032,0.406746032,0.422867063,0.639550265,0.473462302
m340_1.jpg,618,409,0.307443366,0.630806846,0.647249191,0.777506112
m305_1.jpg,640,480,0.3703125,0.629166667,0.590625,0.71875
m323_2.jpg,640,480,0.2515625,0.497916667,0.58125,0.627083333
m366_2.jpg,618,464,0.411003236,0.318965517,0.466019417,0.599137931
m511_0.jpg,3024,4032,0.264880952,0.537698413,0.682208995,0.608878968
m87_0.jpg,360,480,0.394444444,0.5625,0.697222222,0.63125
m554_0.jpg,3024,4032,0.415013228,0.296875,0.669973545,0.356894841
m185_0.jpg,640,480,0.3734375,0.4125,0.7015625,0.514583333
m634_1.jpg,3024,4032,0.259259259,0.609871032,0.797949735,0.709077381
m449_0.jpg,520,293,0.063461538,0.836177474,0.217307692,0.962457338
m657_2.jpg,3024,4032,0.392857143,0.340277778,0.619047619,0.388888889
m612_2.jpg,3024,4032,0.392526455,0.480902778,0.744047619,0.598710317
m364_0.jpg,618,464,0.124595469,0.351293103,0.205501618,0.693965517
m321_0.jpg,639,480,0.439749609,0.595833333,0.710485133,0.683333333
m535_1.jpg,3024,4032,0.090939153,0.30828373,0.803240741,0.627480159
m399_0.jpg,520,293,0.357692308,0.576791809,0.592307692,0.716723549
m570_1.jpg,3024,4032,0.236772487,0.519097222,0.651455026,0.684275794
m556_2.jpg,3024,4032,0.318452381,0.364087302,0.639550265,0.430059524
m513_2.jpg,3024,4032,0.431547619,0.391865079,0.659060847,0.442460317
m218_1.jpg,750,750,0.286666667,0.593333333,0.528,0.705333333
m508_1.jpg,4032,3024,0.436755952,0.477843915,0.786954365,0.592261905
m203_2.jpg,999,750,0.362362362,0.537333333,0.666666667,0.644
m474_0.jpg,640,480,0.75625,0.622916667,0.8671875,0.727083333
m431_0.jpg,520,293,0.709615385,0.252559727,0.896153846,0.395904437
m609_1.jpg,3024,4032,0.493716931,0.470486111,0.814153439,0.549107143
m147_2.jpg,640,480,0.3171875,0.747916667,0.6734375,0.8375
m596_2.jpg,3024,4032,0.257936508,0.432291667,0.574404762,0.587301587
m161_1.jpg,360,480,0.127777778,0.402083333,0.333333333,0.479166667
m26_1.jpg,640,474,0.3234375,0.713080169,0.709375,0.858649789
m359_0.jpg,618,464,0.362459547,0.596982759,0.571197411,0.674568966
m380_1.jpg,618,464,0.226537217,0.801724138,0.487055016,0.943965517
m569_0.jpg,3024,4032,0.335978836,0.55406746,0.724537037,0.718501984
m433_2.jpg,520,293,0.561538462,0.747440273,0.769230769,0.870307167
m476_2.jpg,640,480,0.8015625,0.604166667,0.8890625,0.695833333
m450_1.jpg,520,293,0.457692308,0.126279863,0.642307692,0.313993174
m415_1.jpg,520,293,0.173076923,0.348122867,0.396153846,0.488054608
m338_1.jpg,618,371,0.035598706,0.684636119,0.241100324,0.84097035
m47_0.jpg,360,480,0.675,0.533333333,0.802777778,0.59375
m100_0.jpg,640,433,0.159375,0.713625866,0.3671875,0.831408776
m594_0.jpg,3024,4032,0.04728836,0.342261905,0.723214286,0.557291667
m145_0.jpg,640,480,0.159375,0.429166667,0.34375,0.54375
m145_2.jpg,640,480,0.1609375,0.429166667,0.3421875,0.54375
m594_2.jpg,3024,4032,0.055555556,0.350694444,0.717592593,0.557291667
m100_2.jpg,640,433,0.61875,0.713625866,0.83125,0.831408776
m47_2.jpg,360,480,0.683333333,0.527083333,0.808333333,0.602083333
m126_1.jpg,640,480,0.3765625,0.6625,0.6515625,0.754166667
m163_1.jpg,360,480,0.172222222,0.51875,0.4,0.597916667
m476_0.jpg,640,480,0.109375,0.610416667,0.1984375,0.702083333
m433_0.jpg,520,293,0.223076923,0.733788396,0.440384615,0.877133106
m569_2.jpg,3024,4032,0.333664021,0.547867063,0.729166667,0.720486111
m596_0.jpg,3024,4032,0.431216931,0.435267857,0.737103175,0.590277778
m147_0.jpg,640,480,0.3171875,0.7375,0.6546875,0.84375
m359_2.jpg,618,464,0.432038835,0.594827586,0.629449838,0.665948276
m431_2.jpg,520,293,0.105769231,0.252559727,0.294230769,0.389078498
m474_2.jpg,640,480,0.1265625,0.622916667,0.25,0.73125
m452_1.jpg,360,480,0.086111111,0.585416667,0.258333333,0.645833333
m417_1.jpg,520,293,0.288461538,0.836177474,0.678846154,1
m203_0.jpg,999,750,0.362362362,0.538666667,0.664664665,0.637333333
m382_1.jpg,618,464,0.330097087,0.700431034,0.540453074,0.799568966
m399_2.jpg,520,293,0.357692308,0.580204778,0.592307692,0.699658703
m513_0.jpg,3024,4032,0.438492063,0.401289683,0.659060847,0.44469246
m556_0.jpg,3024,4032,0.364087302,0.360863095,0.672619048,0.431299603
m342_1.jpg,618,464,0.388349515,0.596982759,0.639158576,0.693965517
m321_2.jpg,639,480,0.44600939,0.597916667,0.713615023,0.683333333
m364_2.jpg,618,464,0.124595469,0.349137931,0.205501618,0.693965517
m449_2.jpg,520,293,0.778846154,0.846416382,0.926923077,0.962457338
m612_0.jpg,3024,4032,0.251984127,0.480902778,0.608796296,0.602678571
m657_0.jpg,3024,4032,0.386243386,0.344494048,0.598214286,0.384672619
m537_1.jpg,3024,4032,0.340277778,0.420882937,0.753637566,0.498263889
m572_1.jpg,3024,4032,0.26223545,0.501488095,0.614748677,0.677083333
m185_2.jpg,640,480,0.3859375,0.410416667,0.696875,0.5125
m554_2.jpg,3024,4032,0.412367725,0.293650794,0.667328042,0.359871032
m87_2.jpg,360,480,0.391666667,0.5625,0.7,0.633333333
m511_2.jpg,3024,4032,0.336640212,0.536706349,0.712632275,0.607886905
m366_0.jpg,618,464,0.529126214,0.316810345,0.587378641,0.594827586
m323_0.jpg,640,480,0.240625,0.50625,0.58125,0.63125
m636_1.jpg,3024,4032,0.267195767,0.42906746,0.748015873,0.537698413
m655_2.jpg,3024,4032,0.406746032,0.428075397,0.640873016,0.469494048
m610_2.jpg,3024,4032,0.305886243,0.520089286,0.574404762,0.622271825
m428_2.jpg,520,293,0.686538462,0.436860068,0.842307692,0.61774744
m636_0.jpg,3024,4032,0.265873016,0.43328373,0.749338624,0.53546627
m366_1.jpg,618,464,0.529126214,0.3125,0.585760518,0.592672414
m323_1.jpg,640,480,0.40625,0.50625,0.75,0.629166667
m305_2.jpg,640,480,0.3984375,0.635416667,0.6265625,0.714583333
m340_2.jpg,618,409,0.34789644,0.633251834,0.690938511,0.767726161
m537_0.jpg,3024,4032,0.333664021,0.411458333,0.763558201,0.504464286
m572_0.jpg,3024,4032,0.381944444,0.503472222,0.733465608,0.671875
m612_1.jpg,3024,4032,0.387566138,0.480902778,0.744047619,0.602678571
m657_1.jpg,3024,4032,0.383267196,0.343253968,0.598214286,0.383680556
m634_2.jpg,3024,4032,0.204365079,0.616071429,0.723875661,0.699652778
m342_0.jpg,618,464,0.393203883,0.603448276,0.634304207,0.702586207
m513_1.jpg,3024,4032,0.33234127,0.396081349,0.569444444,0.448660714
m556_1.jpg,3024,4032,0.364087302,0.363095238,0.663029101,0.421875
m570_2.jpg,3024,4032,0.337962963,0.512896825,0.766534392,0.69171627
m535_2.jpg,3024,4032,0.100529101,0.307291667,0.793650794,0.621279762
m218_2.jpg,750,750,0.293333333,0.594666667,0.526666667,0.704
m382_0.jpg,618,464,0.33171521,0.700431034,0.540453074,0.786637931
m508_2.jpg,4032,3024,0.211061508,0.475529101,0.560763889,0.592261905
m203_1.jpg,999,750,0.361361361,0.528,0.663663664,0.637333333
m452_0.jpg,360,480,0.741666667,0.583333333,0.916666667,0.65625
m417_0.jpg,520,293,0.275,0.822525597,0.678846154,1
m609_2.jpg,3024,4032,0.178902116,0.473462302,0.506944444,0.556299603
m161_2.jpg,360,480,0.116666667,0.397916667,0.333333333,0.479166667
m26_2.jpg,640,474,0.284375,0.706751055,0.6703125,0.875527426
m147_1.jpg,640,480,0.315625,0.7375,0.65,0.835416667
m596_1.jpg,3024,4032,0.42989418,0.43328373,0.739748677,0.594494048
m380_2.jpg,618,464,0.234627832,0.80387931,0.48381877,0.935344828
m415_2.jpg,520,293,0.596153846,0.358361775,0.823076923,0.481228669
m450_2.jpg,520,293,0.457692308,0.126279863,0.638461538,0.320819113
m476_1.jpg,640,480,0.8,0.604166667,0.8890625,0.695833333
m433_1.jpg,520,293,0.553846154,0.737201365,0.776923077,0.870307167
m126_0.jpg,640,480,0.3484375,0.660416667,0.625,0.7625
m163_0.jpg,360,480,0.597222222,0.516666667,0.825,0.591666667
m338_2.jpg,618,371,0.037216828,0.681940701,0.241100324,0.843665768
m434_0.jpg,520,293,0.476923077,0.457337884,0.657692308,0.679180887
m471_0.jpg,640,480,0.7109375,0.529166667,0.8703125,0.68125
m649_1.jpg,3024,4032,0.275793651,0.44047619,0.767857143,0.530505952
m40_2.jpg,640,480,0.3484375,0.791666667,0.5984375,0.885416667
m593_2.jpg,3024,4032,0.310185185,0.376488095,0.718253968,0.492063492
m164_1.jpg,360,480,0.033333333,0.55625,0.297222222,0.664583333
m319_0.jpg,640,480,0.4046875,0.429166667,0.58125,0.489583333
m548_1.jpg,3024,4032,0.231812169,0.321676587,0.797949735,0.457093254
m473_2.jpg,640,480,0.7765625,0.591666667,0.90625,0.745833333
m436_2.jpg,520,293,0.325,0.242320819,0.684615385,0.399317406
m628_0.jpg,3024,4032,0.383267196,0.435267857,0.639550265,0.490079365
m8_1.jpg,640,480,0.3375,0.76875,0.665625,0.872916667
m410_1.jpg,520,293,0.517307692,0.634812287,0.771153846,0.822525597
m455_1.jpg,640,480,0.2765625,0.416666667,0.4046875,0.508333333
m591_0.jpg,3024,4032,0.30489418,0.438492063,0.730489418,0.521081349
m378_1.jpg,618,464,0.336569579,0.825431034,0.694174757,0.943965517
m140_0.jpg,360,480,0.633333333,0.5,0.905555556,0.585416667
m105_0.jpg,640,311,0.4203125,0.466237942,0.5875,0.569131833
m529_0.jpg,3024,4032,0.299272487,0.521081349,0.683862434,0.595486111
m385_1.jpg,618,464,0.330097087,0.502155172,0.644012945,0.592672414
m204_0.jpg,750,750,0.430666667,0.682666667,0.665333333,0.76
m551_0.jpg,3024,4032,0.295304233,0.396081349,0.673941799,0.568700397
m180_0.jpg,640,480,0.4078125,0.704166667,0.628125,0.789583333
m514_0.jpg,3024,4032,0.32010582,0.500496032,0.651455026,0.564484127
m468_1.jpg,360,480,0.663888889,0.583333333,0.805555556,0.647916667
m281_0.jpg,780,585,0.332051282,0.408547009,0.605128205,0.507692308
m650_0.jpg,3024,4032,0.235780423,0.552331349,0.701058201,0.628472222
m615_0.jpg,3024,4032,0.316798942,0.495535714,0.752314815,0.608134921
m300_1.jpg,360,480,0.338888889,0.441666667,0.633333333,0.53125
m345_1.jpg,618,464,0.5,0.340517241,0.540453074,0.534482759
m363_2.jpg,618,464,0.357605178,0.594827586,0.577669903,0.670258621
m326_2.jpg,360,480,0.338888889,0.63125,0.611111111,0.69375
m575_1.jpg,3024,4032,0.372354497,0.42906746,0.694775132,0.68030754
m530_1.jpg,3024,4032,0.281415344,0.466269841,0.843584656,0.603670635
m80_2.jpg,233,480,0.291845494,0.433333333,0.64806867,0.489583333
m516_2.jpg,3024,4032,0.37797619,0.389880952,0.569444444,0.436259921
m553_2.jpg,3024,4032,0.201058201,0.302083333,0.600529101,0.40327381
m258_1.jpg,999,750,0.3003003,0.513333333,0.65965966,0.62
m631_1.jpg,3024,4032,0.285383598,0.447668651,0.665343915,0.536706349
m409_0.jpg,520,293,0.138461538,0.825938567,0.321153846,1
m617_2.jpg,3024,4032,0.438161376,0.479662698,0.73015873,0.582093254
m652_2.jpg,3024,4032,0.35978836,0.461061508,0.642526455,0.509672619
m38_2.jpg,640,480,0.3765625,0.685416667,0.675,0.779166667
m324_0.jpg,640,480,0.53125,0.5,0.7265625,0.56875
m588_1.jpg,3024,4032,0.373677249,0.310267857,0.667328042,0.369295635
m361_0.jpg,618,464,0.389967638,0.74137931,0.708737864,0.849137931
m159_1.jpg,360,480,0.397222222,0.566666667,0.658333333,0.620833333
m324_1.jpg,640,480,0.2703125,0.49375,0.4671875,0.56875
m159_0.jpg,360,480,0.383333333,0.564583333,0.652777778,0.622916667
m361_1.jpg,618,464,0.398058252,0.754310345,0.708737864,0.853448276
m588_0.jpg,3024,4032,0.334986772,0.310267857,0.625992063,0.374255952
m347_2.jpg,618,464,0.346278317,0.538793103,0.660194175,0.629310345
m302_2.jpg,640,480,0.2859375,0.764583333,0.5796875,0.877083333
m409_1.jpg,520,293,0.138461538,0.825938567,0.317307692,1
m631_0.jpg,3024,4032,0.334656085,0.452876984,0.708002646,0.53546627
m258_0.jpg,999,750,0.3003003,0.514666667,0.653653654,0.626666667
m575_0.jpg,3024,4032,0.306216931,0.428075397,0.623015873,0.684275794
m530_0.jpg,3024,4032,0.271825397,0.449900794,0.848544974,0.604910714
m300_0.jpg,360,480,0.338888889,0.435416667,0.622222222,0.529166667
m345_0.jpg,618,464,0.5,0.338362069,0.54368932,0.534482759
m650_1.jpg,3024,4032,0.229166667,0.552827381,0.699074074,0.634672619
m281_1.jpg,780,585,0.391025641,0.417094017,0.665384615,0.504273504
m468_0.jpg,360,480,0.2,0.585416667,0.338888889,0.65
m615_1.jpg,3024,4032,0.317791005,0.496279762,0.753306878,0.608878968
m633_2.jpg,3024,4032,0.297949735,0.559275794,0.723544974,0.638888889
m180_1.jpg,640,480,0.40625,0.702083333,0.6296875,0.79375
m551_1.jpg,3024,4032,0.318452381,0.401289683,0.705687831,0.5625
m514_1.jpg,3024,4032,0.30489418,0.498263889,0.663029101,0.567708333
m532_2.jpg,3019,1909,0.387214309,0.429544264,0.671745611,0.533263489
m577_2.jpg,3024,4032,0.311838624,0.41889881,0.665674603,0.529265873
m222_2.jpg,999,750,0.421421421,0.521333333,0.67967968,0.606666667
m267_2.jpg,1000,669,0.417,0.759342302,0.546,0.847533632
m204_1.jpg,750,750,0.342666667,0.673333333,0.569333333,0.764
m529_1.jpg,3024,4032,0.303571429,0.516865079,0.693452381,0.606894841
m385_0.jpg,618,464,0.351132686,0.495689655,0.666666667,0.588362069
m99_2.jpg,640,480,0.3875,0.416666667,0.628125,0.504166667
m123_2.jpg,638,480,0.26645768,0.61875,0.387147335,0.720833333
m140_1.jpg,360,480,0.630555556,0.5,0.902777778,0.583333333
m378_0.jpg,618,464,0.330097087,0.818965517,0.697411003,0.94612069
m591_1.jpg,3024,4032,0.301917989,0.435267857,0.729166667,0.523065476
m105_1.jpg,640,311,0.4078125,0.469453376,0.575,0.559485531
m410_0.jpg,520,293,0.221153846,0.641638225,0.486538462,0.825938567
m8_0.jpg,640,480,0.3453125,0.772916667,0.6703125,0.889583333
m628_1.jpg,3024,4032,0.354497354,0.438492063,0.607804233,0.489087302
m455_0.jpg,640,480,0.2765625,0.416666667,0.409375,0.5125
m387_2.jpg,618,348,0.394822006,0.497126437,0.571197411,0.612068966
m548_0.jpg,3024,4032,0.224867725,0.322668651,0.79265873,0.436259921
m164_0.jpg,360,480,0.027777778,0.55,0.302777778,0.666666667
m319_1.jpg,640,480,0.4140625,0.433333333,0.5890625,0.49375
m457_2.jpg,270,480,0.325925926,0.504166667,0.637037037,0.560416667
m412_2.jpg,520,293,0.136538462,0.679180887,0.351923077,0.829351536
m434_1.jpg,520,293,0.346153846,0.460750853,0.523076923,0.672354949
m649_0.jpg,3024,4032,0.260582011,0.439484127,0.769179894,0.534474206
m471_1.jpg,640,480,0.7125,0.527083333,0.8703125,0.677083333
m412_0.jpg,520,293,0.646153846,0.699658703,0.859615385,0.829351536
m457_0.jpg,270,480,0.362962963,0.50625,0.677777778,0.558333333
m649_2.jpg,3024,4032,0.226190476,0.43328373,0.725529101,0.527529762
m164_2.jpg,360,480,0.697222222,0.552083333,0.963888889,0.666666667
m593_1.jpg,3024,4032,0.30489418,0.372271825,0.720899471,0.494295635
m40_1.jpg,640,480,0.4046875,0.7875,0.6421875,0.883333333
m387_0.jpg,618,348,0.427184466,0.497126437,0.603559871,0.614942529
m548_2.jpg,3024,4032,0.230489418,0.316468254,0.800925926,0.45610119
m455_2.jpg,640,480,0.590625,0.404166667,0.725,0.514583333
m8_2.jpg,640,480,0.34375,0.76875,0.6734375,0.86875
m410_2.jpg,520,293,0.519230769,0.631399317,0.771153846,0.825938567
m436_1.jpg,520,293,0.323076923,0.249146758,0.684615385,0.392491468
m473_1.jpg,640,480,0.0921875,0.579166667,0.2234375,0.754166667
m123_0.jpg,638,480,0.611285266,0.620833333,0.735109718,0.716666667
m378_2.jpg,618,464,0.341423948,0.82112069,0.690938511,0.941810345
m385_2.jpg,618,464,0.334951456,0.497844828,0.637540453,0.588362069
m99_0.jpg,640,480,0.36875,0.414583333,0.6109375,0.504166667
m267_0.jpg,1000,669,0.419,0.76980568,0.543,0.834080717
m222_0.jpg,999,750,0.429429429,0.524,0.674674675,0.604
m577_0.jpg,3024,4032,0.313161376,0.420882937,0.664351852,0.527281746
m532_0.jpg,3019,1909,0.323285856,0.431115767,0.611129513,0.540073337
m468_2.jpg,360,480,0.194444444,0.577083333,0.338888889,0.647916667
m633_0.jpg,3024,4032,0.303571429,0.5625,0.71957672,0.637896825
m326_1.jpg,360,480,0.341666667,0.635416667,0.611111111,0.695833333
m363_1.jpg,618,464,0.352750809,0.590517241,0.587378641,0.665948276
m345_2.jpg,618,464,0.504854369,0.342672414,0.540453074,0.530172414
m300_2.jpg,360,480,0.363888889,0.452083333,0.65,0.520833333
m553_1.jpg,3024,4032,0.395833333,0.30406746,0.80026455,0.402281746
m516_1.jpg,3024,4032,0.379298942,0.396081349,0.569444444,0.434275794
m80_1.jpg,233,480,0.326180258,0.435416667,0.708154506,0.495833333
m530_2.jpg,3024,4032,0.288359788,0.463293651,0.849206349,0.605902778
m575_2.jpg,3024,4032,0.379298942,0.436259921,0.697420635,0.675099206
m258_2.jpg,999,750,0.342342342,0.517333333,0.691691692,0.617333333
m652_1.jpg,3024,4032,0.364087302,0.462301587,0.639550265,0.507688492
m617_1.jpg,3024,4032,0.271164021,0.480902778,0.568121693,0.587301587
m631_2.jpg,3024,4032,0.334986772,0.449900794,0.706679894,0.536706349
m588_2.jpg,3024,4032,0.364087302,0.30828373,0.668650794,0.371279762
m159_2.jpg,360,480,0.338888889,0.560416667,0.611111111,0.622916667
m302_0.jpg,640,480,0.41875,0.775,0.7078125,0.864583333
m38_1.jpg,640,480,0.3109375,0.689583333,0.61875,0.775
m347_0.jpg,618,464,0.354368932,0.534482759,0.655339806,0.63362069
m302_1.jpg,640,480,0.2828125,0.772916667,0.578125,0.866666667
m347_1.jpg,618,464,0.338187702,0.532327586,0.645631068,0.63362069
m38_0.jpg,640,480,0.371875,0.675,0.6890625,0.7875
m361_2.jpg,618,464,0.406148867,0.75862069,0.703883495,0.844827586
m324_2.jpg,640,480,0.53125,0.495833333,0.728125,0.566666667
m409_2.jpg,520,293,0.673076923,0.825938567,0.859615385,1
m652_0.jpg,3024,4032,0.35978836,0.464285714,0.635582011,0.509672619
m617_0.jpg,3024,4032,0.431547619,0.483878968,0.725859788,0.587301587
m553_0.jpg,3024,4032,0.191798942,0.297867063,0.604828042,0.397073413
m516_0.jpg,3024,4032,0.369708995,0.394097222,0.57771164,0.436259921
m80_0.jpg,233,480,0.278969957,0.439583333,0.660944206,0.489583333
m326_0.jpg,360,480,0.383333333,0.635416667,0.661111111,0.697916667
m363_0.jpg,618,464,0.354368932,0.594827586,0.587378641,0.670258621
m633_1.jpg,3024,4032,0.303571429,0.559275794,0.720899471,0.639880952
m615_2.jpg,3024,4032,0.319775132,0.494791667,0.755291005,0.607390873
m650_2.jpg,3024,4032,0.30026455,0.553323413,0.756283069,0.627728175
m281_2.jpg,780,585,0.329487179,0.41025641,0.607692308,0.512820513
m577_1.jpg,3024,4032,0.30489418,0.420882937,0.661706349,0.53546627
m532_1.jpg,3019,1909,0.32891686,0.431115767,0.6091421,0.53221582
m514_2.jpg,3024,4032,0.343253968,0.501488095,0.683862434,0.567708333
m180_2.jpg,640,480,0.403125,0.702083333,0.628125,0.789583333
m551_2.jpg,3024,4032,0.28968254,0.395089286,0.675595238,0.564484127
m204_2.jpg,750,750,0.428,0.68,0.66,0.769333333
m267_1.jpg,1000,669,0.455,0.765321375,0.578,0.837070254
m222_1.jpg,999,750,0.429429429,0.528,0.680680681,0.6
m99_1.jpg,640,480,0.3796875,0.416666667,0.6328125,0.50625
m529_2.jpg,3024,4032,0.318452381,0.525297619,0.69047619,0.598710317
m105_2.jpg,640,311,0.4234375,0.475884244,0.5890625,0.565916399
m140_2.jpg,360,480,0.091666667,0.497916667,0.363888889,0.577083333
m591_2.jpg,3024,4032,0.308862434,0.434275794,0.729166667,0.529265873
m123_1.jpg,638,480,0.263322884,0.614583333,0.39184953,0.720833333
m436_0.jpg,520,293,0.311538462,0.211604096,0.686538462,0.406143345
m473_0.jpg,640,480,0.0921875,0.5875,0.221875,0.754166667
m628_2.jpg,3024,4032,0.35978836,0.439484127,0.613425926,0.489087302
m387_1.jpg,618,348,0.427184466,0.497126437,0.603559871,0.603448276
m593_0.jpg,3024,4032,0.300595238,0.378472222,0.725859788,0.494295635
m40_0.jpg,640,480,0.3453125,0.79375,0.5921875,0.883333333
m319_2.jpg,640,480,0.403125,0.429166667,0.58125,0.49375
m471_2.jpg,640,480,0.70625,0.525,0.865625,0.675
m434_2.jpg,520,293,0.475,0.464163823,0.653846154,0.662116041
m412_1.jpg,520,293,0.646153846,0.699658703,0.859615385,0.832764505
m457_1.jpg,270,480,0.325925926,0.502083333,0.637037037,0.560416667
m573_1.jpg,3024,4032,0.354497354,0.484871032,0.716931217,0.644097222
m536_1.jpg,3024,4032,0.288359788,0.449900794,0.876322751,0.568700397
m86_2.jpg,640,480,0.7203125,0.566666667,0.8828125,0.6625
m510_2.jpg,3024,4032,0.281415344,0.326884921,0.591269841,0.395089286
m184_2.jpg,360,480,0.541666667,0.69375,0.813888889,0.791666667
m555_2.jpg,3024,4032,0.086640212,0.333085317,0.861111111,0.53968254
m322_0.jpg,640,480,0.253125,0.727083333,0.725,0.904166667
m367_0.jpg,618,464,0.485436893,0.379310345,0.527508091,0.588362069
m637_1.jpg,3024,4032,0.35978836,0.505704365,0.745701058,0.577876984
m611_2.jpg,3024,4032,0.479497354,0.460069444,0.758267196,0.574900794
m654_2.jpg,3024,4032,0.336640212,0.445684524,0.612103175,0.518105159
m398_2.jpg,520,293,0.384615385,0.726962457,0.615384615,0.839590444
m557_0.jpg,3024,4032,0.386243386,0.406498016,0.727843915,0.514880952
m512_0.jpg,3024,4032,0.235780423,0.566468254,0.770171958,0.658482143
m84_0.jpg,640,480,0.39375,0.635416667,0.671875,0.741666667
m306_1.jpg,640,360,0.45625,0.525,0.6796875,0.616666667
m343_1.jpg,618,464,0.239482201,0.646551724,0.491909385,0.724137931
m365_2.jpg,618,464,0.436893204,0.340517241,0.508090615,0.67887931
m320_2.jpg,640,480,0.2234375,0.8125,0.5171875,0.966666667
m448_2.jpg,520,293,0.719230769,0.737201365,0.919230769,0.873720137
m656_0.jpg,3024,4032,0.270502646,0.415674603,0.788359788,0.532490079
m613_0.jpg,3024,4032,0.441137566,0.421875,0.721891534,0.502480159
m597_0.jpg,3024,4032,0.322420635,0.423859127,0.746693122,0.545882937
m146_0.jpg,360,480,0.316666667,0.68125,0.747222222,0.754166667
m44_0.jpg,360,480,0.361111111,0.522916667,0.636111111,0.583333333
m358_2.jpg,618,464,0.548543689,0.504310345,0.598705502,0.698275862
m475_2.jpg,640,480,0.8125,0.6125,0.925,0.73125
m430_2.jpg,520,293,0.346153846,0.559726962,0.651923077,0.71331058
m416_1.jpg,520,293,0.044230769,0.802047782,0.298076923,0.986348123
m453_1.jpg,640,480,0.3859375,0.8,0.634375,0.889583333
m383_1.jpg,618,464,0.396440129,0.622844828,0.569579288,0.689655172
m144_2.jpg,360,480,0.152777778,0.616666667,0.355555556,0.697916667
m595_2.jpg,3024,4032,0.21792328,0.306051587,0.71494709,0.449900794
m25_1.jpg,640,411,0.3171875,0.600973236,0.690625,0.734793187
m127_1.jpg,640,480,0.421875,0.625,0.5640625,0.68125
m432_0.jpg,520,293,0.794230769,0.447098976,0.926923077,0.576791809
m477_0.jpg,532,480,0.763157895,0.608333333,0.953007519,0.725
m263_1.jpg,750,750,0.113333333,0.708,0.382666667,0.853333333
m568_2.jpg,3024,4032,0.222222222,0.411458333,0.687830688,0.524305556
m381_2.jpg,618,464,0.462783172,0.577586207,0.734627832,0.700431034
m263_0.jpg,750,750,0.110666667,0.706666667,0.38,0.850666667
m451_2.jpg,520,293,0.778846154,0.552901024,0.9,0.709897611
m414_2.jpg,520,293,0.171153846,0.38225256,0.394230769,0.529010239
m432_1.jpg,520,293,0.792307692,0.447098976,0.923076923,0.576791809
m477_1.jpg,532,480,0.04887218,0.6125,0.231203008,0.73125
m25_0.jpg,640,411,0.2953125,0.603406326,0.684375,0.732360097
m127_0.jpg,640,480,0.4375,0.622916667,0.5828125,0.683333333
m339_2.jpg,618,824,0.317152104,0.561893204,0.542071197,0.626213592
m383_0.jpg,618,464,0.428802589,0.622844828,0.600323625,0.689655172
m509_2.jpg,3024,4032,0.274470899,0.4375,0.672619048,0.512896825
m416_0.jpg,520,293,0.046153846,0.805460751,0.294230769,0.993174061
m453_0.jpg,640,480,0.3671875,0.802083333,0.6171875,0.9
m608_2.jpg,3024,4032,0.216269841,0.401289683,0.454695767,0.485863095
m160_2.jpg,360,480,0.322222222,0.620833333,0.6,0.675
m146_1.jpg,360,480,0.311111111,0.68125,0.747222222,0.75
m597_1.jpg,3024,4032,0.332010582,0.42609127,0.740079365,0.541666667
m44_1.jpg,360,480,0.358333333,0.522916667,0.633333333,0.579166667
m656_1.jpg,3024,4032,0.204365079,0.424603175,0.721230159,0.53968254
m613_1.jpg,3024,4032,0.279431217,0.422867063,0.555224868,0.503472222
m635_2.jpg,3024,4032,0.244047619,0.525297619,0.740079365,0.615079365
m306_0.jpg,640,360,0.45625,0.522222222,0.6703125,0.616666667
m343_0.jpg,618,464,0.247572816,0.637931034,0.490291262,0.717672414
m557_1.jpg,3024,4032,0.271825397,0.405257937,0.612103175,0.516865079
m512_1.jpg,3024,4032,0.251984127,0.576884921,0.778769841,0.661706349
m84_1.jpg,640,480,0.3375,0.633333333,0.5953125,0.745833333
m534_2.jpg,3024,4032,0.334656085,0.484871032,0.735780423,0.566468254
m571_2.jpg,3024,4032,0.292328042,0.460069444,0.781415344,0.593501984
m429_2.jpg,520,293,0.023076923,0.57337884,0.188461538,0.747440273
m637_0.jpg,3024,4032,0.260582011,0.508680556,0.636904762,0.577876984
m322_1.jpg,640,480,0.25625,0.729166667,0.71875,0.9
m367_1.jpg,618,464,0.480582524,0.375,0.525889968,0.596982759
m341_2.jpg,618,464,0.338187702,0.6875,0.572815534,0.771551724
m304_2.jpg,360,480,0.344444444,0.472916667,0.613888889,0.527083333
m573_0.jpg,3024,4032,0.343253968,0.484871032,0.720899471,0.642113095
m536_0.jpg,3024,4032,0.11739418,0.443700397,0.705357143,0.566468254
m184_1.jpg,360,480,0.183333333,0.695833333,0.447222222,0.783333333
m555_1.jpg,3024,4032,0.140542328,0.335069444,0.911044974,0.519097222
m510_1.jpg,3024,4032,0.392857143,0.333085317,0.718253968,0.397073413
m86_1.jpg,640,480,0.7234375,0.570833333,0.88125,0.670833333
m536_2.jpg,3024,4032,0.30026455,0.452876984,0.873346561,0.567708333
m573_2.jpg,3024,4032,0.34755291,0.481894841,0.726521164,0.647073413
m304_0.jpg,360,480,0.386111111,0.460416667,0.661111111,0.53125
m341_0.jpg,618,464,0.422330097,0.6875,0.660194175,0.771551724
m654_1.jpg,3024,4032,0.337962963,0.443700397,0.617724868,0.521081349
m611_1.jpg,3024,4032,0.251984127,0.466269841,0.523478836,0.576884921
m429_0.jpg,520,293,0.828846154,0.587030717,0.971153846,0.726962457
m637_2.jpg,3024,4032,0.361441799,0.504464286,0.743055556,0.574900794
m398_1.jpg,520,293,0.384615385,0.716723549,0.605769231,0.836177474
m571_0.jpg,3024,4032,0.219246032,0.468501984,0.705687831,0.590277778
m534_0.jpg,3024,4032,0.252314815,0.478670635,0.665343915,0.572668651
m320_1.jpg,640,480,0.48125,0.81875,0.7765625,0.964583333
m365_1.jpg,618,464,0.436893204,0.340517241,0.508090615,0.67887931
m343_2.jpg,618,464,0.503236246,0.635775862,0.745954693,0.726293103
m306_2.jpg,640,360,0.31875,0.519444444,0.5453125,0.625
m448_1.jpg,520,293,0.076923077,0.744027304,0.278846154,0.873720137
m635_0.jpg,3024,4032,0.237433862,0.533482143,0.745701058,0.616071429
m358_1.jpg,618,464,0.540453074,0.504310345,0.598705502,0.704741379
m160_0.jpg,360,480,0.4,0.614583333,0.672222222,0.689583333
m453_2.jpg,640,480,0.3671875,0.804166667,0.6109375,0.895833333
m416_2.jpg,520,293,0.707692308,0.802047782,0.951923077,0.993174061
m608_0.jpg,3024,4032,0.54265873,0.404265873,0.782407407,0.484871032
m430_1.jpg,520,293,0.344230769,0.552901024,0.65,0.709897611
m475_1.jpg,640,480,0.8140625,0.6,0.9265625,0.729166667
m383_2.jpg,618,464,0.427184466,0.620689655,0.598705502,0.689655172
m509_0.jpg,3024,4032,0.326719577,0.436259921,0.725198413,0.515873016
m127_2.jpg,640,480,0.4421875,0.620833333,0.58125,0.685416667
m25_2.jpg,640,411,0.315625,0.593673966,0.696875,0.734793187
m144_1.jpg,360,480,0.147222222,0.6125,0.347222222,0.695833333
m595_1.jpg,3024,4032,0.230489418,0.30406746,0.708002646,0.446676587
m339_0.jpg,618,824,0.45631068,0.569174757,0.682847896,0.625
m414_0.jpg,520,293,0.605769231,0.38225256,0.826923077,0.52559727
m451_0.jpg,520,293,0.098076923,0.552901024,0.219230769,0.720136519
m263_2.jpg,750,750,0.614666667,0.701333333,0.890666667,0.856
m381_0.jpg,618,464,0.462783172,0.568965517,0.737864078,0.709051724
m568_1.jpg,3024,4032,0.231812169,0.405257937,0.678240741,0.53546627
m568_0.jpg,3024,4032,0.321428571,0.404265873,0.765873016,0.524305556
m381_1.jpg,618,464,0.258899676,0.579741379,0.533980583,0.691810345
m477_2.jpg,532,480,0.04887218,0.610416667,0.227443609,0.733333333
m432_2.jpg,520,293,0.8,0.436860068,0.923076923,0.583617747
m414_1.jpg,520,293,0.607692308,0.385665529,0.821153846,0.529010239
m451_1.jpg,520,293,0.778846154,0.552901024,0.898076923,0.726962457
m595_0.jpg,3024,4032,0.301587302,0.305059524,0.77744709,0.448660714
m144_0.jpg,360,480,0.641666667,0.616666667,0.844444444,0.697916667
m339_1.jpg,618,824,0.464401294,0.572815534,0.686084142,0.625
m509_1.jpg,3024,4032,0.273148148,0.436259921,0.673941799,0.511904762
m430_0.jpg,520,293,0.336538462,0.566552901,0.655769231,0.703071672
m608_1.jpg,3024,4032,0.21494709,0.40327381,0.456018519,0.490079365
m475_0.jpg,640,480,0.8109375,0.597916667,0.9265625,0.733333333
m44_2.jpg,360,480,0.361111111,0.525,0.638888889,0.577083333
m146_2.jpg,360,480,0.244444444,0.675,0.672222222,0.758333333
m597_2.jpg,3024,4032,0.332010582,0.422867063,0.744378307,0.542906746
m160_1.jpg,360,480,0.394444444,0.61875,0.669444444,0.675
m358_0.jpg,618,464,0.548543689,0.495689655,0.595469256,0.693965517
m448_0.jpg,520,293,0.075,0.744027304,0.284615385,0.877133106
m635_1.jpg,3024,4032,0.235780423,0.52827381,0.738756614,0.616071429
m613_2.jpg,3024,4032,0.281084656,0.421875,0.555224868,0.502480159
m656_2.jpg,3024,4032,0.270502646,0.419890873,0.78968254,0.529265873
m320_0.jpg,640,480,0.4796875,0.814583333,0.778125,0.96875
m365_0.jpg,618,464,0.436893204,0.338362069,0.504854369,0.67887931
m571_1.jpg,3024,4032,0.215277778,0.463293651,0.705687831,0.590277778
m398_0.jpg,520,293,0.382692308,0.720136519,0.605769231,0.849829352
m534_1.jpg,3024,4032,0.255291005,0.477678571,0.665343915,0.571676587
m84_2.jpg,640,480,0.3328125,0.633333333,0.59375,0.733333333
m512_2.jpg,3024,4032,0.224867725,0.572668651,0.758267196,0.655505952
m557_2.jpg,3024,4032,0.267526455,0.404265873,0.619047619,0.513888889
m654_0.jpg,3024,4032,0.331018519,0.448660714,0.617724868,0.514880952
m429_1.jpg,520,293,0.828846154,0.587030717,0.976923077,0.720136519
m611_0.jpg,3024,4032,0.477843915,0.468501984,0.746693122,0.574900794
m304_1.jpg,360,480,0.338888889,0.46875,0.608333333,0.535416667
m341_1.jpg,618,464,0.343042071,0.689655172,0.572815534,0.767241379
m367_2.jpg,618,464,0.470873786,0.379310345,0.521035599,0.594827586
m322_2.jpg,640,480,0.2765625,0.741666667,0.7453125,0.90625
m555_0.jpg,3024,4032,0.121693122,0.327876984,0.920634921,0.532490079
m184_0.jpg,360,480,0.186111111,0.689583333,0.447222222,0.7875
m510_0.jpg,3024,4032,0.281415344,0.325892857,0.588624339,0.400297619
m86_0.jpg,640,480,0.725,0.5625,0.88125,0.666666667
